time,Q_cool
2022/6/21 21:00,0
2022/6/21 21:15,0
2022/6/21 21:30,0
2022/6/21 21:45,0
2022/6/21 22:00,0
2022/6/21 22:15,0
2022/6/21 22:30,0
2022/6/21 22:45,0
2022/6/21 23:00,0
2022/6/21 23:15,0
2022/6/21 23:30,0
2022/6/21 23:45,0
2022/6/22 0:00,0
2022/6/22 0:15,0
2022/6/22 0:30,0
2022/6/22 0:45,0
2022/6/22 1:00,0
2022/6/22 1:15,0
2022/6/22 1:30,0
2022/6/22 1:45,0
2022/6/22 2:00,0
2022/6/22 2:15,0
2022/6/22 2:30,0
2022/6/22 2:45,0
2022/6/22 3:00,0
2022/6/22 3:15,0
2022/6/22 3:30,0
2022/6/22 3:45,0
2022/6/22 4:00,0
2022/6/22 4:15,0
2022/6/22 4:30,0
2022/6/22 4:45,0
2022/6/22 5:00,0
2022/6/22 5:15,0
2022/6/22 5:30,0
2022/6/22 5:45,0
2022/6/22 6:00,0
2022/6/22 6:15,0
2022/6/22 6:30,0
2022/6/22 6:45,0
2022/6/22 7:00,0
2022/6/22 7:15,0
2022/6/22 7:30,0
2022/6/22 7:45,0
2022/6/22 8:00,0
2022/6/22 8:15,0
2022/6/22 8:30,15169.59239
2022/6/22 8:45,0
2022/6/22 9:00,15490.35562
2022/6/22 9:15,9653.859034
2022/6/22 9:30,12913.9804
2022/6/22 9:45,12650.64593
2022/6/22 10:00,9894.391792
2022/6/22 10:15,16857.58759
2022/6/22 10:30,10889.24677
2022/6/22 10:45,11693.64529
2022/6/22 11:00,6294.868467
2022/6/22 11:15,0
2022/6/22 11:30,-686.0021762
2022/6/22 11:45,21671.76022
2022/6/22 12:00,3214.154236
2022/6/22 12:15,0
2022/6/22 12:30,0
2022/6/22 12:45,0
2022/6/22 13:00,0
2022/6/22 13:15,0
2022/6/22 13:30,0
2022/6/22 13:45,20652.80086
2022/6/22 14:00,25423.02138
2022/6/22 14:15,20005.18637
2022/6/22 14:30,20856.48958
2022/6/22 14:45,19094.10125
2022/6/22 15:00,14159.65691
2022/6/22 15:15,16616.67965
2022/6/22 15:30,11369.48693
2022/6/22 15:45,6781.820111
2022/6/22 16:00,8608.842688
2022/6/22 16:15,9506.636511
2022/6/22 16:30,3936.108832
2022/6/22 16:45,-580.0436947
2022/6/22 17:00,11077.88065
2022/6/22 17:15,14473.31314
2022/6/22 17:30,3120.825294
2022/6/22 17:45,-644.3717574
2022/6/22 18:00,-329.0204705
2022/6/22 18:15,
2022/6/22 18:30,0
2022/6/22 18:45,
2022/6/22 19:00,
2022/6/22 19:15,
2022/6/22 19:30,0
2022/6/22 19:45,0
2022/6/22 20:00,0
2022/6/22 20:15,0
2022/6/22 20:30,0
2022/6/22 20:45,0
2022/6/22 21:00,0
2022/6/22 21:15,0
2022/6/22 21:30,0
2022/6/22 21:45,0
2022/6/22 22:00,0
2022/6/22 22:15,0
2022/6/22 22:30,0
2022/6/22 22:45,0
2022/6/22 23:00,0
2022/6/22 23:15,0
2022/6/22 23:30,0
2022/6/22 23:45,0
2022/6/23 0:00,0
2022/6/23 0:15,0
2022/6/23 0:30,0
2022/6/23 0:45,0
2022/6/23 1:00,0
2022/6/23 1:15,0
2022/6/23 1:30,0
2022/6/23 1:45,0
2022/6/23 2:00,0
2022/6/23 2:15,0
2022/6/23 2:30,0
2022/6/23 2:45,0
2022/6/23 3:00,0
2022/6/23 3:15,0
2022/6/23 3:30,0
2022/6/23 3:45,0
2022/6/23 4:00,0
2022/6/23 4:15,0
2022/6/23 4:30,0
2022/6/23 4:45,0
2022/6/23 5:00,0
2022/6/23 5:15,0
2022/6/23 5:30,0
2022/6/23 5:45,0
2022/6/23 6:00,0
2022/6/23 6:15,0
2022/6/23 6:30,0
2022/6/23 6:45,0
2022/6/23 7:00,0
2022/6/23 7:15,0
2022/6/23 7:30,0
2022/6/23 7:45,0
2022/6/24 8:00,0
2022/6/24 8:15,0
2022/6/24 8:30,23072.33933
2022/6/24 8:45,4935.660759
2022/6/24 9:00,17606.30884
2022/6/24 9:15,15467.19165
2022/6/24 9:30,14567.17547
2022/6/24 9:45,11525.74604
2022/6/24 10:00,13112.45941
2022/6/24 10:15,14701.95264
2022/6/24 10:30,13721.24052
2022/6/24 10:45,9778.278349
2022/6/24 11:00,3819.056925
2022/6/24 11:15,6329.577666
2022/6/24 11:30,21186.00508
2022/6/24 11:45,13528.06308
2022/6/24 12:00,9363.131746
2022/6/24 12:15,7853.177991
2022/6/24 12:30,10478.12406
2022/6/24 12:45,12236.15136
2022/6/24 13:00,4119.005165
2022/6/24 13:15,0
2022/6/24 13:30,0
2022/6/24 13:45,0
2022/6/24 14:00,0
2022/6/24 14:15,11591.63394
2022/6/24 14:30,13604.34819
2022/6/24 14:45,12852.24558
2022/6/24 15:00,13922.07348
2022/6/24 15:15,10466.75317
2022/6/24 15:30,8665.710373
2022/6/24 15:45,3504.081313
2022/6/24 16:00,0
2022/6/24 16:15,0
2022/6/24 16:30,0
2022/6/24 16:45,0
2022/6/24 17:00,
2022/6/24 17:15,15903.91707
2022/6/24 17:30,0
2022/6/24 17:45,0
2022/6/24 18:00,12491.35645
2022/6/24 18:15,0
2022/6/24 18:30,0
2022/6/24 18:45,0
2022/6/24 19:00,0
2022/6/24 19:15,0
2022/6/24 19:30,0
2022/6/24 19:45,0
2022/6/24 20:00,0
2022/6/24 20:15,0
2022/6/24 20:30,0
2022/6/24 20:45,0
2022/6/24 21:00,0
2022/6/24 21:15,0
2022/6/24 21:30,0
2022/6/24 21:45,0
2022/6/24 22:00,0
2022/6/24 22:15,0
2022/6/24 22:30,0
2022/6/24 22:45,0
2022/6/24 23:00,0
2022/6/24 23:15,0
2022/6/24 23:30,0
2022/6/24 23:45,0
2022/6/25 0:00,0
2022/6/25 0:15,0
2022/6/25 0:30,0
2022/6/25 0:45,0
2022/6/25 1:00,0
2022/6/25 1:15,0
2022/6/25 1:30,0
2022/6/25 1:45,0
2022/6/25 2:00,0
2022/6/25 2:15,0
2022/6/25 2:30,0
2022/6/25 2:45,0
2022/6/25 3:00,0
2022/6/25 3:15,0
2022/6/25 3:30,0
2022/6/25 3:45,0
2022/6/25 4:00,0
2022/6/25 4:15,0
2022/6/25 4:30,0
2022/6/25 4:45,0
2022/6/25 5:00,0
2022/6/25 5:15,0
2022/6/25 5:30,0
2022/6/25 5:45,0
2022/6/25 6:00,0
2022/6/25 6:15,0
2022/6/25 6:30,0
2022/6/25 6:45,0
2022/6/25 7:00,0
2022/6/25 7:15,0
2022/6/25 7:30,0
2022/6/25 7:45,0
2022/6/25 8:00,0
2022/6/25 8:15,0
2022/6/25 8:30,17826.6619
2022/6/25 8:45,12260.82069
2022/6/25 9:00,8798.004822
2022/6/25 9:15,6992.788264
2022/6/25 9:30,8878.367479
2022/6/25 9:45,12096.71332
2022/6/25 10:00,15694.69023
2022/6/25 10:15,17964.2772
2022/6/25 10:30,17573.64772
2022/6/25 10:45,18099.28923
2022/6/25 11:00,14906.64814
2022/6/25 11:15,14147.28524
2022/6/25 11:30,13840.8293
2022/6/25 11:45,14365.96438
2022/6/25 12:00,9922.249975
2022/6/25 12:15,3417.475449
2022/6/25 12:30,13039.78033
2022/6/25 12:45,3563.223678
2022/6/25 13:00,8066.499038
2022/6/25 13:15,6943.756526
2022/6/25 13:30,5840.703275
2022/6/25 13:45,6334.085549
2022/6/25 14:00,14850.3634
2022/6/25 14:15,21998.89625
2022/6/25 14:30,15726.21968
2022/6/25 14:45,13349.22701
2022/6/25 15:00,20498.10763
2022/6/25 15:15,13497.44737
2022/6/25 15:30,13567.10085
2022/6/25 15:45,10185.81961
2022/6/25 16:00,0
2022/6/25 16:15,0
2022/6/25 16:30,0
2022/6/25 16:45,0
2022/6/25 17:00,0
2022/6/25 17:15,0
2022/6/25 17:30,3343.805202
2022/6/25 17:45,9358.699373
2022/6/25 18:00,0
2022/6/25 18:15,8283.23105
2022/6/25 18:30,0
2022/6/25 18:45,0
2022/6/25 19:00,0
2022/6/25 19:15,0
2022/6/25 19:30,0
2022/6/25 19:45,0
2022/6/25 20:00,0
2022/6/25 20:15,0
2022/6/25 20:30,0
2022/6/25 20:45,0
2022/6/25 21:00,0
2022/6/25 21:15,0
2022/6/25 21:30,0
2022/6/25 21:45,0
2022/6/25 22:00,0
2022/6/25 22:15,0
2022/6/25 22:30,0
2022/6/25 22:45,0
2022/6/25 23:00,0
2022/6/25 23:15,0
2022/6/25 23:30,0
2022/6/25 23:45,0
2022/6/26 0:00,0
2022/6/26 0:15,0
2022/6/26 0:30,0
2022/6/26 0:45,0
2022/6/26 1:00,0
2022/6/26 1:15,0
2022/6/26 1:30,0
2022/6/26 1:45,0
2022/6/26 2:00,0
2022/6/26 2:15,0
2022/6/26 2:30,0
2022/6/26 2:45,0
2022/6/26 3:00,0
2022/6/26 3:15,0
2022/6/26 3:30,0
2022/6/26 3:45,0
2022/6/26 4:00,0
2022/6/26 4:15,0
2022/6/26 4:30,0
2022/6/26 4:45,0
2022/6/26 5:00,0
2022/6/26 5:15,0
2022/6/26 5:30,0
2022/6/26 5:45,0
2022/6/26 6:00,0
2022/6/26 6:15,0
2022/6/26 6:30,0
2022/6/26 6:45,0
2022/6/26 7:00,0
2022/6/26 7:15,0
2022/6/26 7:30,0
2022/6/26 7:45,0
2022/6/27 8:00,21790.98486
2022/6/27 8:15,8664.056327
2022/6/27 8:30,0
2022/6/27 8:45,15844.71149
2022/6/27 9:00,16705.39013
2022/6/27 9:15,13399.25661
2022/6/27 9:30,18228.85421
2022/6/27 9:45,15989.00545
2022/6/27 10:00,18436.40068
2022/6/27 10:15,17679.1542
2022/6/27 10:30,15735.97598
2022/6/27 10:45,22599.13571
2022/6/27 11:00,432.1122782
2022/6/27 11:15,0
2022/6/27 11:30,0
2022/6/27 11:45,9175.895508
2022/6/27 12:00,20085.06612
2022/6/27 12:15,16031.75202
2022/6/27 12:30,0
2022/6/27 12:45,13413.52409
2022/6/27 13:00,9378.859648
2022/6/27 13:15,7292.11224
2022/6/27 13:30,4556.674257
2022/6/27 13:45,0
2022/6/27 14:00,0
2022/6/27 14:15,0
2022/6/27 14:30,17888.22393
2022/6/27 14:45,6482.080407
2022/6/27 15:00,8365.768511
2022/6/27 15:15,8014.644296
2022/6/27 15:30,15368.45484
2022/6/27 15:45,9911.32765
2022/6/27 16:00,7531.52091
2022/6/27 16:15,7146.111261
2022/6/27 16:30,11681.63416
2022/6/27 16:45,10942.86942
2022/6/27 17:00,7721.305252
2022/6/27 17:15,9532.437314
2022/6/27 17:30,6896.433581
2022/6/27 17:45,-799.4682379
2022/6/27 18:00,16371.59964
2022/6/27 18:15,6593.047578
2022/6/27 18:30,4128.074835
2022/6/27 18:45,16210.71121
2022/6/27 19:00,10157.07123
2022/6/27 19:15,11578.91631
2022/6/27 19:30,6635.201313
2022/6/27 19:45,-928.4290336
2022/6/27 20:00,0
2022/6/27 20:15,0
2022/6/27 20:30,0
2022/6/27 20:45,0
2022/6/27 21:00,0
2022/6/27 21:15,0
2022/6/27 21:30,0
2022/6/27 21:45,0
2022/6/27 22:00,0
2022/6/27 22:15,0
2022/6/27 22:30,0
2022/6/27 22:45,0
2022/6/27 23:00,0
2022/6/27 23:15,0
2022/6/27 23:30,0
2022/6/27 23:45,0
2022/6/28 0:00,0
2022/6/28 0:15,0
2022/6/28 0:30,0
2022/6/28 0:45,0
2022/6/28 1:00,0
2022/6/28 1:15,0
2022/6/28 1:30,0
2022/6/28 1:45,0
2022/6/28 2:00,0
2022/6/28 2:15,0
2022/6/28 2:30,0
2022/6/28 2:45,0
2022/6/28 3:00,0
2022/6/28 3:15,0
2022/6/28 3:30,0
2022/6/28 3:45,0
2022/6/28 4:00,0
2022/6/28 4:15,0
2022/6/28 4:30,0
2022/6/28 4:45,0
2022/6/28 5:00,0
2022/6/28 5:15,0
2022/6/28 5:30,0
2022/6/28 5:45,0
2022/6/28 6:00,0
2022/6/28 6:15,0
2022/6/28 6:30,0
2022/6/28 6:45,0
2022/6/28 7:00,0
2022/6/28 7:15,0
2022/6/28 7:30,0
2022/6/28 7:45,0
2022/6/28 8:00,0
2022/6/28 8:15,0
2022/6/28 8:30,
2022/6/28 8:45,0
2022/6/28 9:00,13652.6517
2022/6/28 9:15,16567.51526
2022/6/28 9:30,26623.36278
2022/6/28 9:45,27094.56211
2022/6/28 10:00,24684.29107
2022/6/28 10:15,15313.77867
2022/6/28 10:30,16714.53632
2022/6/28 10:45,10836.11192
2022/6/28 11:00,0
2022/6/28 11:15,0
2022/6/28 11:30,895.3450205
2022/6/28 11:45,10840.79483
2022/6/28 12:00,0
2022/6/28 12:15,0
2022/6/28 12:30,0
2022/6/28 12:45,0
2022/6/28 13:00,0
2022/6/28 13:15,0
2022/6/28 13:30,0
2022/6/28 13:45,0
2022/6/28 14:00,0
2022/6/28 14:15,0
2022/6/28 14:30,3492.874196
2022/6/28 14:45,28987.27477
2022/6/28 15:00,19312.72276
2022/6/28 15:15,7472.920778
2022/6/28 15:30,6635.07519
2022/6/28 15:45,9228.842241
2022/6/28 16:00,14712.51743
2022/6/28 16:15,13825.06368
2022/6/28 16:30,9905.433632
2022/6/28 16:45,21676.11301
2022/6/28 17:00,16578.73339
2022/6/28 17:15,7151.80709
2022/6/28 17:30,3901.521988
2022/6/28 17:45,0
2022/6/28 18:00,0
2022/6/28 18:15,0
2022/6/28 18:30,0
2022/6/28 18:45,0
2022/6/28 19:00,0
2022/6/28 19:15,0
2022/6/28 19:30,0
2022/6/28 19:45,0
2022/6/28 20:00,0
2022/6/29 10:15,16936.74292
2022/6/29 10:30,7810.708029
2022/6/29 10:45,7871.08462
2022/6/29 11:00,12240.99363
2022/6/29 11:15,11701.94673
2022/6/29 11:30,6430.53709
2022/6/29 11:45,6776.982851
2022/6/29 12:30,14085.24718
2022/6/29 12:45,0
2022/6/29 13:00,8443.914722
2022/6/29 13:15,7817.455074
2022/6/29 13:30,-815.4084511
2022/6/29 13:45,0
2022/6/29 14:00,0
2022/6/29 15:15,11385.30656
2022/6/29 15:30,18455.44631
2022/6/29 15:45,21004.96284
2022/6/29 16:00,17727.92591
2022/6/29 16:15,18311.49748
2022/6/29 16:30,17106.2528
2022/6/29 16:45,6085.287892
2022/6/29 17:00,5670.614314
2022/6/29 17:15,8610.624581
2022/6/29 17:30,0
2022/6/29 17:45,0
2022/6/29 18:00,0
2022/6/29 18:15,0
2022/6/29 18:30,0
2022/6/29 18:45,0
2022/6/29 19:00,0
2022/6/29 19:15,7591.910209
2022/6/29 19:30,7273.185768
2022/6/29 19:45,8124.059319
2022/6/29 20:00,12878.52802
2022/6/29 20:15,10715.17608
2022/6/29 20:30,0
2022/6/29 20:45,0
2022/6/29 21:00,0
2022/6/29 21:15,0
2022/6/29 21:30,0
2022/6/29 21:45,0
2022/6/29 22:00,0
2022/6/29 22:15,0
2022/6/29 22:30,0
2022/6/29 22:45,0
2022/6/29 23:00,0
2022/6/29 23:15,0
2022/6/29 23:30,0
2022/6/29 23:45,0
2022/6/30 0:00,0
2022/6/30 0:15,0
2022/6/30 0:30,0
2022/6/30 0:45,0
2022/6/30 1:00,0
2022/6/30 1:15,0
2022/6/30 1:30,0
2022/6/30 1:45,0
2022/6/30 2:00,0
2022/6/30 2:15,0
2022/6/30 2:30,0
2022/6/30 2:45,0
2022/6/30 3:00,0
2022/6/30 3:15,0
2022/6/30 3:30,0
2022/6/30 3:45,0
2022/6/30 4:00,0
2022/6/30 4:15,0
2022/6/30 4:30,0
2022/6/30 4:45,0
2022/6/30 5:00,0
2022/6/30 5:15,0
2022/6/30 5:30,0
2022/6/30 5:45,0
2022/6/30 6:00,0
2022/6/30 6:15,0
2022/6/30 6:30,0
2022/6/30 6:45,0
2022/6/30 7:00,0
2022/6/30 7:15,0
2022/6/30 7:30,0
2022/6/30 7:45,0
2022/6/30 8:00,0
2022/6/30 8:15,0
2022/6/30 8:30,0
2022/6/30 8:45,2955.142168
2022/6/30 9:00,20828.44108
2022/6/30 9:15,2169.282948
2022/6/30 9:30,0
2022/6/30 9:45,0
2022/6/30 10:00,0
2022/6/30 10:15,
2022/6/30 10:30,8368.11478
2022/6/30 10:45,0
2022/6/30 11:00,0
2022/6/30 11:15,10316.57272
2022/6/30 11:30,3293.473232
2022/6/30 11:45,24933.74138
2022/6/30 12:00,4043.32619
2022/6/30 12:15,7164.408205
2022/6/30 12:30,16882.77633
2022/6/30 12:45,6068.033941
2022/6/30 13:00,8336.241116
2022/6/30 13:15,5836.259499
2022/6/30 13:30,0
2022/6/30 13:45,0
2022/6/30 14:00,2760.096955
2022/6/30 14:15,8251.263846
2022/6/30 14:30,8998.634443
2022/6/30 14:45,13524.80532
2022/6/30 15:00,16375.73687
2022/6/30 15:15,14090.29364
2022/6/30 15:30,17302.72664
2022/6/30 15:45,24436.30342
2022/6/30 16:00,22580.03759
2022/6/30 16:15,17551.36188
2022/6/30 16:30,20381.46399
2022/6/30 16:45,13919.06822
2022/6/30 17:00,17110.33077
2022/6/30 17:15,17919.91214
2022/6/30 17:30,5396.953179
2022/6/30 17:45,
2022/6/30 18:00,
2022/6/30 18:15,
2022/6/30 18:30,
2022/6/30 18:45,
2022/6/30 19:00,
2022/6/30 19:15,
2022/6/30 19:30,
2022/6/30 19:45,16321.54103
2022/6/30 20:00,9028.108258
2022/6/30 20:15,4083.037044
2022/6/30 20:30,4251.895465
2022/6/30 20:45,-309.0324836
2022/6/30 21:00,0
2022/6/30 21:15,6312.079038
2022/6/30 21:30,-137.2944089
2022/6/30 21:45,12066.87447
2022/6/30 22:00,-275.6502366
2022/6/30 22:15,2744.239851
2022/6/30 22:30,2459.522391
2022/6/30 22:45,
2022/6/30 23:00,10565.80237
2022/6/30 23:15,
2022/6/30 23:30,9723.030557
2022/6/30 23:45,
2022/7/1 0:00,9890.213932
2022/7/1 0:15,
2022/7/1 0:30,8024.480436
2022/7/1 0:45,-97.52565507
2022/7/1 1:00,2912.960388
2022/7/1 1:15,6364.836573
2022/7/1 1:30,
2022/7/1 1:45,6076.298838
2022/7/1 2:00,-168.381171
2022/7/1 2:15,3088.798822
2022/7/1 2:30,6204.499991
2022/7/1 2:45,
2022/7/1 3:00,5734.062549
2022/7/1 3:15,2811.521122
2022/7/1 3:30,5938.571025
2022/7/1 3:45,
2022/7/1 4:00,8555.587762
2022/7/1 4:15,9636.566126
2022/7/1 4:30,-353.7787135
2022/7/1 4:45,8855.648405
2022/7/1 5:00,3131.577145
2022/7/1 5:15,8649.473866
2022/7/1 5:30,-238.7578523
2022/7/1 5:45,7213.301024
2022/7/1 6:00,-137.1147911
2022/7/1 6:15,7664.03242
2022/7/1 6:30,2975.564893
2022/7/1 6:45,2323.618597
2022/7/1 7:00,4907.496157
2022/7/1 7:15,5609.781551
2022/7/1 7:30,3673.075664
2022/7/1 7:45,2291.471264
2022/7/1 8:00,8184.517302
2022/7/1 8:15,8390.833298
2022/7/1 8:30,-494.5448804
2022/7/1 8:45,11552.63447
2022/7/1 9:00,8193.067829
2022/7/1 9:15,4457.130529
2022/7/1 9:30,3754.646054
2022/7/1 9:45,-260.3232018
2022/7/1 10:00,
2022/7/1 10:15,10711.30448
2022/7/1 10:30,-594.758932
2022/7/1 10:45,-341.9432665
2022/7/1 11:00,10719.44294
2022/7/1 11:15,6354.909141
2022/7/1 11:30,5743.417962
2022/7/1 11:45,12549.77325
2022/7/1 12:00,15415.63161
2022/7/1 12:15,6901.217796
2022/7/1 12:30,9805.875338
2022/7/1 12:45,11619.35409
2022/7/1 13:00,4249.706005
2022/7/1 13:15,11791.38928
2022/7/1 13:30,1791.34951
2022/7/1 13:45,6525.453448
2022/7/1 14:00,-653.3185921
2022/7/1 14:15,9263.246744
2022/7/1 14:30,1139.926477
2022/7/1 14:45,2255.989161
2022/7/1 15:00,6699.25118
2022/7/1 15:15,3502.994115
2022/7/1 15:30,1492.836696
2022/7/1 15:45,16014.63398
2022/7/1 16:00,9212.536269
2022/7/1 16:15,6500.699944
2022/7/1 16:30,10234.3151
2022/7/1 16:45,7453.39687
2022/7/1 17:00,6698.026679
2022/7/1 17:15,11809.2836
2022/7/1 17:30,7631.80461
2022/7/1 17:45,16974.77164
2022/7/1 18:00,5097.741261
2022/7/1 18:15,7787.879963
2022/7/1 18:30,3830.773744
2022/7/1 18:45,7630.726296
2022/7/1 19:00,0
2022/7/1 19:15,0
2022/7/1 19:30,0
2022/7/1 19:45,0
2022/7/1 20:00,0
2022/7/1 20:15,0
2022/7/1 20:30,0
2022/7/1 20:45,0
2022/7/1 21:00,0
2022/7/1 21:15,0
2022/7/1 21:30,0
2022/7/1 21:45,0
2022/7/1 22:00,0
2022/7/1 22:15,0
2022/7/1 22:30,0
2022/7/1 22:45,0
2022/7/1 23:00,0
2022/7/1 23:15,0
2022/7/1 23:30,0
2022/7/1 23:45,0
2022/7/2 0:00,0
2022/7/2 0:15,0
2022/7/2 0:30,0
2022/7/2 0:45,0
2022/7/2 1:00,0
2022/7/2 1:15,0
2022/7/2 1:30,0
2022/7/2 1:45,0
2022/7/2 2:00,0
2022/7/2 2:15,0
2022/7/2 2:30,0
2022/7/2 2:45,0
2022/7/2 3:00,0
2022/7/2 3:15,0
2022/7/2 3:30,0
2022/7/2 3:45,0
2022/7/2 4:00,0
2022/7/2 4:15,0
2022/7/2 4:30,0
2022/7/2 4:45,0
2022/7/2 5:00,0
2022/7/2 5:15,0
2022/7/2 5:30,0
2022/7/2 5:45,0
2022/7/2 6:00,0
2022/7/2 6:15,0
2022/7/2 6:30,0
2022/7/2 6:45,0
2022/7/2 7:00,0
2022/7/2 7:15,0
2022/7/2 7:30,0
2022/7/2 7:45,0
2022/7/2 8:00,0
2022/7/2 8:15,0
2022/7/2 8:30,0
2022/7/2 8:45,0
2022/7/2 9:00,14199.40012
2022/7/2 9:15,3144.778986
2022/7/2 9:30,4199.642692
2022/7/2 9:45,8249.695824
2022/7/2 10:00,8881.064916
2022/7/2 10:15,5377.351644
2022/7/2 10:30,11366.85824
2022/7/2 10:45,8202.458997
2022/7/2 11:00,5348.10719
2022/7/2 11:15,7957.253691
2022/7/2 11:30,6593.859411
2022/7/2 11:45,14830.63059
2022/7/2 12:00,14406.22331
2022/7/2 12:15,11750.2333
2022/7/2 12:30,-326.3403245
2022/7/2 12:45,9067.318552
2022/7/2 13:00,-279.829248
2022/7/2 13:15,5146.757633
2022/7/2 13:30,0
2022/7/2 13:45,0
2022/7/2 14:00,0
2022/7/2 14:15,0
2022/7/2 14:30,0
2022/7/2 14:45,0
2022/7/2 15:00,0
2022/7/2 15:15,0
2022/7/2 15:30,12445.34346
2022/7/2 15:45,10846.9892
2022/7/2 16:00,15698.3614
2022/7/2 16:15,5781.670197
2022/7/2 16:30,14719.14197
2022/7/2 16:45,11655.04147
2022/7/2 17:00,14217.86554
2022/7/2 17:15,11082.0687
2022/7/2 17:30,-544.084432
2022/7/2 17:45,0
2022/7/2 18:00,0
2022/7/2 18:15,7463.360476
2022/7/2 18:30,10162.91123
2022/7/2 18:45,7495.842861
2022/7/2 19:00,0
2022/7/2 19:15,0
2022/7/2 19:30,0
2022/7/2 19:45,0
2022/7/2 20:00,0
2022/7/2 20:15,0
2022/7/2 20:30,0
2022/7/2 20:45,0
2022/7/2 21:00,0
2022/7/2 21:15,0
2022/7/2 21:30,0
2022/7/2 21:45,0
2022/7/2 22:00,0
2022/7/2 22:15,0
2022/7/2 22:30,0
2022/7/2 22:45,0
2022/7/2 23:00,0
2022/7/2 23:15,0
2022/7/2 23:30,0
2022/7/2 23:45,0
2022/7/3 0:00,0
2022/7/3 0:15,0
2022/7/3 0:30,0
2022/7/3 0:45,0
2022/7/3 1:00,0
2022/7/3 1:15,0
2022/7/3 1:30,0
2022/7/3 1:45,0
2022/7/3 2:00,0
2022/7/3 2:15,0
2022/7/3 2:30,0
2022/7/3 2:45,0
2022/7/3 3:00,0
2022/7/3 3:15,0
2022/7/3 3:30,0
2022/7/3 3:45,0
2022/7/3 4:00,0
2022/7/3 4:15,0
2022/7/3 4:30,0
2022/7/3 4:45,0
2022/7/3 5:00,0
2022/7/3 5:15,0
2022/7/3 5:30,0
2022/7/3 5:45,0
2022/7/3 6:00,0
2022/7/3 6:15,0
2022/7/3 6:30,0
2022/7/3 6:45,0
2022/7/3 7:00,0
2022/7/3 7:15,0
2022/7/3 7:30,0
2022/7/3 7:45,0
2022/7/3 8:00,0
2022/7/3 8:15,0
2022/7/3 8:30,0
2022/7/3 8:45,0
2022/7/3 9:00,0
2022/7/3 9:15,0
2022/7/3 9:30,0
2022/7/3 9:45,0
2022/7/3 10:00,0
2022/7/3 10:15,0
2022/7/3 10:30,0
2022/7/3 10:45,0
2022/7/3 11:00,0
2022/7/3 11:15,0
2022/7/3 11:30,14716.59965
2022/7/3 11:45,11103.1119
2022/7/3 12:00,12080.74491
2022/7/3 12:15,10854.87616
2022/7/3 12:30,6013.893651
2022/7/3 12:45,15307.18739
2022/7/3 13:00,16640.18887
2022/7/3 13:15,12029.83739
2022/7/3 13:30,8587.495657
2022/7/3 13:45,12901.14487
2022/7/3 14:00,-286.2651721
2022/7/3 14:15,0
2022/7/3 14:30,0
2022/7/3 14:45,0
2022/7/3 15:00,13051.9712
2022/7/3 15:15,15350.62959
2022/7/3 15:30,17880.56614
2022/7/3 15:45,0
2022/7/3 16:00,0
2022/7/3 16:15,0
2022/7/3 16:30,0
2022/7/3 16:45,0
2022/7/3 17:00,0
2022/7/3 17:15,0
2022/7/3 17:30,0
2022/7/3 17:45,0
2022/7/3 18:00,0
2022/7/3 18:15,0
2022/7/3 18:30,0
2022/7/3 18:45,0
2022/7/3 19:00,0
2022/7/3 19:15,0
2022/7/3 19:30,0
2022/7/3 19:45,0
2022/7/3 20:00,0
2022/7/3 20:15,0
2022/7/3 20:30,0
2022/7/3 20:45,0
2022/7/3 21:00,0
2022/7/3 21:15,0
2022/7/3 21:30,0
2022/7/3 21:45,0
2022/7/3 22:00,0
2022/7/3 22:15,0
2022/7/3 22:30,0
2022/7/3 22:45,0
2022/7/3 23:00,0
2022/7/3 23:15,0
2022/7/3 23:30,0
2022/7/3 23:45,0
2022/7/4 0:00,0
2022/7/4 0:15,0
2022/7/4 0:30,0
2022/7/4 0:45,0
2022/7/4 1:00,0
2022/7/4 1:15,0
2022/7/4 1:30,0
2022/7/4 1:45,0
2022/7/4 2:00,0
2022/7/4 2:15,0
2022/7/4 2:30,0
2022/7/4 2:45,0
2022/7/4 3:00,0
2022/7/4 3:15,0
2022/7/4 3:30,0
2022/7/4 3:45,0
2022/7/4 4:00,0
2022/7/4 4:15,0
2022/7/4 4:30,0
2022/7/4 4:45,0
2022/7/4 5:00,0
2022/7/4 5:15,0
2022/7/4 5:30,0
2022/7/4 5:45,0
2022/7/4 6:00,0
2022/7/4 6:15,0
2022/7/4 6:30,0
2022/7/4 6:45,0
2022/7/4 7:00,0
2022/7/4 7:15,0
2022/7/4 7:30,0
2022/7/4 7:45,0
2022/7/4 8:00,0
2022/7/4 8:15,0
2022/7/4 8:30,0
2022/7/4 8:45,0
2022/7/4 9:00,0
2022/7/4 9:15,0
2022/7/4 9:30,0
2022/7/4 9:45,6194.356846
2022/7/4 10:00,12683.10321
2022/7/4 10:15,6345.574918
2022/7/4 10:30,8572.380178
2022/7/4 10:45,-241.8495846
2022/7/4 11:00,0
2022/7/4 11:15,0
2022/7/4 11:30,0
2022/7/4 11:45,17730.11516
2022/7/4 12:00,8788.985008
2022/7/4 12:15,0
2022/7/4 12:30,6133.770483
2022/7/4 12:45,-169.099004
2022/7/4 13:00,
2022/7/4 13:15,2460.962333
2022/7/4 13:30,0
2022/7/4 13:45,19691.07984
2022/7/4 14:00,10869.69689
2022/7/4 14:15,14806.81262
2022/7/4 14:30,3583.615577
2022/7/4 14:45,0
2022/7/4 15:00,0
2022/7/4 15:15,0
2022/7/4 15:30,0
2022/7/4 15:45,0
2022/7/4 16:00,0
2022/7/4 16:15,0
2022/7/4 16:30,0
2022/7/4 16:45,0
2022/7/4 17:00,0
2022/7/4 17:15,0
2022/7/4 17:30,0
2022/7/4 17:45,0
2022/7/4 18:00,0
2022/7/4 18:15,0
2022/7/4 18:30,0
2022/7/4 18:45,0
2022/7/4 19:00,0
2022/7/4 19:15,0
2022/7/4 19:30,0
2022/7/4 19:45,0
2022/7/4 20:00,0
2022/7/4 20:15,0
2022/7/4 20:30,0
2022/7/4 20:45,0
2022/7/4 21:00,0
2022/7/4 21:15,0
2022/7/4 21:30,0
2022/7/4 21:45,0
2022/7/4 22:00,0
2022/7/4 22:15,0
2022/7/4 22:30,0
2022/7/4 22:45,0
2022/7/4 23:00,0
2022/7/4 23:15,0
2022/7/4 23:30,0
2022/7/4 23:45,0
2022/7/5 0:00,0
2022/7/5 0:15,0
2022/7/5 0:30,0
2022/7/5 0:45,0
2022/7/5 1:00,0
2022/7/5 1:15,0
2022/7/5 1:30,0
2022/7/5 1:45,0
2022/7/5 2:00,0
2022/7/5 2:15,0
2022/7/5 2:30,0
2022/7/5 2:45,0
2022/7/5 3:00,0
2022/7/5 3:15,0
2022/7/5 3:30,0
2022/7/5 3:45,0
2022/7/5 4:00,0
2022/7/5 4:15,0
2022/7/5 4:30,0
2022/7/5 4:45,0
2022/7/5 5:00,0
2022/7/5 5:15,0
2022/7/5 5:30,0
2022/7/5 5:45,0
2022/7/5 6:00,0
2022/7/5 6:15,0
2022/7/5 6:30,0
2022/7/5 6:45,0
2022/7/5 7:00,0
2022/7/5 7:15,0
2022/7/5 7:30,0
2022/7/5 7:45,0
2022/7/5 8:00,0
2022/7/5 8:15,0
2022/7/5 8:30,0
2022/7/5 8:45,0
2022/7/5 9:00,0
2022/7/5 9:15,0
2022/7/5 9:30,0
2022/7/5 9:45,
2022/7/5 10:00,18377.46067
2022/7/5 10:15,19904.58815
2022/7/5 10:30,10446.49711
2022/7/5 10:45,7299.661845
2022/7/5 11:00,5682.071422
2022/7/5 11:15,6321.830675
2022/7/5 11:30,6881.294913
2022/7/5 11:45,0
2022/7/5 12:00,0
2022/7/5 12:15,0
2022/7/5 12:30,6563.016774
2022/7/5 12:45,-472.9605152
2022/7/5 13:00,-99.20964899
2022/7/5 13:15,8084.832662
2022/7/5 13:30,0
2022/7/5 13:45,16897.5898
2022/7/5 14:00,12663.866
2022/7/5 14:15,14935.37602
2022/7/5 14:30,15483.0258
2022/7/5 14:45,6397.669486
2022/7/5 15:00,12464.02497
2022/7/5 15:15,3350.209046
2022/7/5 15:30,0
2022/7/5 15:45,0
2022/7/5 16:00,0
2022/7/5 16:15,0
2022/7/5 16:30,0
2022/7/5 16:45,0
2022/7/5 17:00,14868.32004
2022/7/5 17:15,10735.91771
2022/7/5 17:30,0
2022/7/5 17:45,5272.361311
2022/7/5 18:00,13151.84507
2022/7/5 18:15,2847.377869
2022/7/5 18:30,8249.977342
2022/7/5 18:45,7363.093099
2022/7/5 19:00,0
2022/7/5 19:15,0
2022/7/5 19:30,0
2022/7/5 19:45,0
2022/7/5 20:00,0
2022/7/5 20:15,0
2022/7/5 20:30,0
2022/7/5 20:45,0
2022/7/5 21:00,0
2022/7/5 21:15,0
2022/7/5 21:30,0
2022/7/5 21:45,0
2022/7/5 22:00,0
2022/7/5 22:15,0
2022/7/5 22:30,0
2022/7/5 22:45,0
2022/7/5 23:00,0
2022/7/5 23:15,0
2022/7/5 23:30,0
2022/7/5 23:45,0
2022/7/6 0:00,0
2022/7/6 0:15,0
2022/7/6 0:30,0
2022/7/6 0:45,0
2022/7/6 1:00,0
2022/7/6 1:15,0
2022/7/6 1:30,0
2022/7/6 1:45,0
2022/7/6 2:00,0
2022/7/6 2:15,0
2022/7/6 2:30,0
2022/7/6 2:45,10608.97545
2022/7/6 3:00,13807.60999
2022/7/6 3:15,5671.882954
2022/7/6 3:30,7469.650608
2022/7/6 3:45,6840.42438
2022/7/6 4:00,5735.968106
2022/7/6 4:15,7017.209014
2022/7/6 4:30,0
2022/7/6 4:45,0
2022/7/6 5:00,0
2022/7/6 5:15,0
2022/7/6 5:30,0
2022/7/6 5:45,0
2022/7/6 6:00,0
2022/7/6 6:15,0
2022/7/6 6:30,0
2022/7/6 6:45,0
2022/7/6 7:00,0
2022/7/6 7:15,0
2022/7/6 7:30,0
2022/7/6 7:45,0
2022/7/6 8:00,0
2022/7/6 8:15,21955.09433
2022/7/6 8:30,9230.659587
2022/7/6 8:45,8859.352534
2022/7/6 9:00,6042.981314
2022/7/6 9:15,4391.16643
2022/7/6 9:30,0
2022/7/6 9:45,0
2022/7/6 10:00,0
2022/7/6 10:15,0
2022/7/6 10:30,0
2022/7/6 10:45,0
2022/7/6 11:00,0
2022/7/6 11:15,0
2022/7/6 11:30,0
2022/7/6 11:45,17929.81978
2022/7/6 12:00,12569.09583
2022/7/6 12:15,6525.047559
2022/7/6 12:30,8439.712767
2022/7/6 12:45,-220.4258161
2022/7/6 13:00,11292.12938
2022/7/6 13:15,-355.7986149
2022/7/6 13:30,
2022/7/6 13:45,0
2022/7/6 14:00,0
2022/7/6 14:15,0
2022/7/6 14:30,0
2022/7/6 14:45,0
2022/7/6 15:00,0
2022/7/6 15:15,0
2022/7/6 15:30,0
2022/7/6 15:45,0
2022/7/6 16:00,12515.49574
2022/7/6 16:15,9263.035747
2022/7/6 16:30,0
2022/7/6 16:45,0
2022/7/6 17:00,0
2022/7/6 17:15,0
2022/7/6 17:30,0
2022/7/6 17:45,0
2022/7/6 18:00,0
2022/7/6 18:15,0
2022/7/6 18:30,0
2022/7/6 18:45,0
2022/7/6 19:00,0
2022/7/6 19:15,0
2022/7/6 19:30,0
2022/7/6 19:45,0
2022/7/6 20:00,0
2022/7/6 20:15,0
2022/7/6 20:30,0
2022/7/6 20:45,0
2022/7/6 21:00,0
2022/7/6 21:15,0
2022/7/6 21:30,0
2022/7/6 21:45,0
2022/7/6 22:00,0
2022/7/6 22:15,0
2022/7/6 22:30,0
2022/7/6 22:45,0
2022/7/6 23:00,0
2022/7/6 23:15,0
2022/7/6 23:30,0
2022/7/6 23:45,0
2022/7/7 0:00,0
2022/7/7 0:15,0
2022/7/7 0:30,0
2022/7/7 0:45,0
2022/7/7 1:00,0
2022/7/7 1:15,0
2022/7/7 1:30,0
2022/7/7 1:45,0
2022/7/7 2:00,0
2022/7/7 2:15,0
2022/7/7 2:30,0
2022/7/7 2:45,0
2022/7/7 3:00,0
2022/7/7 3:15,0
2022/7/7 3:30,0
2022/7/7 3:45,0
2022/7/7 4:00,0
2022/7/7 4:15,0
2022/7/7 4:30,0
2022/7/7 4:45,0
2022/7/7 5:00,0
2022/7/7 5:15,0
2022/7/7 5:30,0
2022/7/7 5:45,0
2022/7/7 6:00,0
2022/7/7 6:15,0
2022/7/7 6:30,0
2022/7/7 6:45,0
2022/7/7 7:00,0
2022/7/7 7:15,0
2022/7/7 7:30,0
2022/7/7 7:45,0
2022/7/7 8:00,0
2022/7/7 8:15,0
2022/7/7 8:30,0
2022/7/7 8:45,0
2022/7/7 9:00,13425.94496
2022/7/7 9:15,7308.236895
2022/7/7 9:30,-566.9829341
2022/7/7 9:45,15312.01679
2022/7/7 10:00,8992.225765
2022/7/7 10:15,17963.96125
2022/7/7 10:30,-698.0296221
2022/7/7 10:45,0
2022/7/7 11:00,0
2022/7/7 11:15,0
2022/7/7 11:30,0
2022/7/7 11:45,0
2022/7/7 12:00,0
2022/7/7 12:15,0
2022/7/7 12:30,8785.020059
2022/7/7 12:45,7381.718543
2022/7/7 13:00,6085.758195
2022/7/7 13:15,4174.865243
2022/7/7 13:30,8505.478822
2022/7/7 13:45,18634.39553
2022/7/7 14:00,8117.455702
2022/7/7 14:15,11633.77089
2022/7/7 14:30,16533.50467
2022/7/7 14:45,6180.525343
2022/7/7 15:00,0
2022/7/7 15:15,0
2022/7/7 15:30,12008.54587
2022/7/7 15:45,10184.74896
2022/7/7 16:00,18167.1655
2022/7/7 16:15,13141.61859
2022/7/7 16:30,11127.56
2022/7/7 16:45,13620.03379
2022/7/7 17:00,14864.30535
2022/7/7 17:15,12823.29536
2022/7/7 17:30,7724.376258
2022/7/7 17:45,8433.861391
2022/7/7 18:00,15959.86593
2022/7/7 18:15,8170.981439
2022/7/7 18:30,9763.858668
2022/7/7 18:45,4909.277824
2022/7/7 19:00,0
2022/7/7 19:15,0
2022/7/7 19:30,0
2022/7/7 19:45,0
2022/7/7 20:00,0
2022/7/7 20:15,0
2022/7/7 20:30,0
2022/7/7 20:45,0
2022/7/7 21:00,0
2022/7/7 21:15,0
2022/7/7 21:30,0
2022/7/7 21:45,0
2022/7/7 22:00,0
2022/7/7 22:15,0
2022/7/7 22:30,0
2022/7/7 22:45,0
2022/7/7 23:00,0
2022/7/7 23:15,0
2022/7/7 23:30,0
2022/7/7 23:45,0
2022/7/8 0:00,0
2022/7/8 0:15,0
2022/7/8 0:30,0
2022/7/8 0:45,0
2022/7/8 1:00,0
2022/7/8 1:15,0
2022/7/8 1:30,0
2022/7/8 1:45,0
2022/7/8 2:00,0
2022/7/8 2:15,0
2022/7/8 2:30,0
2022/7/8 2:45,0
2022/7/8 3:00,0
2022/7/8 3:15,0
2022/7/8 3:30,0
2022/7/8 3:45,0
2022/7/8 4:00,0
2022/7/8 4:15,0
2022/7/8 4:30,0
2022/7/8 4:45,0
2022/7/8 5:00,0
2022/7/8 5:15,0
2022/7/8 5:30,0
2022/7/8 5:45,0
2022/7/8 6:00,0
2022/7/8 6:15,0
2022/7/8 6:30,0
2022/7/8 6:45,0
2022/7/8 7:00,0
2022/7/8 7:15,0
2022/7/8 7:30,0
2022/7/8 7:45,0
2022/7/8 8:00,0
2022/7/8 8:15,0
2022/7/8 8:30,0
2022/7/8 8:45,0
2022/7/8 9:00,18565.56428
2022/7/8 9:15,11927.50283
2022/7/8 9:30,0
2022/7/8 9:45,16479.06457
2022/7/8 10:00,13335.71357
2022/7/8 10:15,18155.59201
2022/7/8 10:30,0
2022/7/8 10:45,0
2022/7/8 11:00,0
2022/7/8 11:15,0
2022/7/8 11:30,5618.309562
2022/7/8 11:45,14462.9688
2022/7/8 12:00,19272.09984
2022/7/8 12:15,2299.313375
2022/7/8 12:30,5799.587203
2022/7/8 12:45,-640.8573201
2022/7/8 13:00,-434.4083093
2022/7/8 13:15,0
2022/7/8 13:30,0
2022/7/8 13:45,9128.267183
2022/7/8 14:00,18144.56379
2022/7/8 14:15,13589.57218
2022/7/8 14:30,5386.757546
2022/7/8 14:45,0
2022/7/8 15:00,0
2022/7/8 15:15,0
2022/7/8 15:30,0
2022/7/8 15:45,0
2022/7/8 16:00,12741.98252
2022/7/8 16:15,14171.98136
2022/7/8 16:30,20154.94448
2022/7/8 16:45,7868.886693
2022/7/8 17:00,0
2022/7/8 17:15,0
2022/7/8 17:30,0
2022/7/8 17:45,0
2022/7/8 18:00,0
2022/7/8 18:15,0
2022/7/8 18:30,0
2022/7/8 18:45,0
2022/7/8 19:00,0
2022/7/8 19:15,0
2022/7/8 19:30,0
2022/7/8 19:45,0
2022/7/8 20:00,0
2022/7/8 20:15,0
2022/7/8 20:30,0
2022/7/8 20:45,0
2022/7/8 21:00,0
2022/7/8 21:15,0
2022/7/8 21:30,0
2022/7/8 21:45,0
2022/7/8 22:00,0
2022/7/8 22:15,0
2022/7/8 22:30,0
2022/7/8 22:45,0
2022/7/8 23:00,0
2022/7/8 23:15,0
2022/7/8 23:30,0
2022/7/8 23:45,0
2022/7/9 0:00,0
2022/7/9 0:15,0
2022/7/9 0:30,0
2022/7/9 0:45,0
2022/7/9 1:00,0
2022/7/9 1:15,0
2022/7/9 1:30,0
2022/7/9 1:45,0
2022/7/9 2:00,0
2022/7/9 2:15,0
2022/7/9 2:30,0
2022/7/9 2:45,0
2022/7/9 3:00,0
2022/7/9 3:15,0
2022/7/9 3:30,0
2022/7/9 3:45,0
2022/7/9 4:00,0
2022/7/9 4:15,0
2022/7/9 4:30,0
2022/7/9 4:45,0
2022/7/9 5:00,0
2022/7/9 5:15,0
2022/7/9 5:30,0
2022/7/9 5:45,0
2022/7/9 6:00,0
2022/7/9 6:15,0
2022/7/9 6:30,0
2022/7/9 6:45,0
2022/7/9 7:00,0
2022/7/9 7:15,0
2022/7/9 7:30,0
2022/7/9 7:45,0
2022/7/9 8:00,0
2022/7/9 8:15,0
2022/7/9 8:30,0
2022/7/9 8:45,0
2022/7/9 9:00,0
2022/7/9 9:15,0
2022/7/9 9:30,0
2022/7/9 9:45,0
2022/7/9 10:00,14704.90025
2022/7/9 10:15,22950.20917
2022/7/9 10:30,26526.33918
2022/7/9 10:45,15677.28138
2022/7/9 11:00,12233.84933
2022/7/9 11:15,11667.25867
2022/7/9 11:30,12522.3727
2022/7/9 11:45,10032.52396
2022/7/9 12:00,-532.9246985
2022/7/9 12:15,0
2022/7/9 12:30,11762.29327
2022/7/9 12:45,-655.8726167
2022/7/9 13:00,-533.2195975
2022/7/9 13:15,6648.598615
2022/7/9 13:30,-678.9871936
2022/7/9 13:45,0
2022/7/9 14:00,0
2022/7/9 14:15,0
2022/7/9 14:30,0
2022/7/9 14:45,0
2022/7/9 15:00,0
2022/7/9 15:15,0
2022/7/9 15:30,0
2022/7/9 15:45,0
2022/7/9 16:00,0
2022/7/9 16:15,8212.535399
2022/7/9 16:30,2061.875019
2022/7/9 16:45,0
2022/7/9 17:00,0
2022/7/9 17:15,0
2022/7/9 17:30,0
2022/7/9 17:45,0
2022/7/9 18:00,0
2022/7/9 18:15,0
2022/7/9 18:30,0
2022/7/9 18:45,0
2022/7/9 19:00,0
2022/7/9 19:15,0
2022/7/9 19:30,0
2022/7/9 19:45,
2022/7/9 20:00,0
2022/7/9 20:15,0
2022/7/9 20:30,0
2022/7/9 20:45,0
2022/7/9 21:00,0
2022/7/9 21:15,0
2022/7/9 21:30,0
2022/7/9 21:45,0
2022/7/9 22:00,0
2022/7/9 22:15,0
2022/7/9 22:30,0
2022/7/9 22:45,0
2022/7/9 23:00,0
2022/7/9 23:15,0
2022/7/9 23:30,0
2022/7/9 23:45,0
2022/7/10 0:00,0
2022/7/10 0:15,0
2022/7/10 0:30,0
2022/7/10 0:45,0
2022/7/10 1:00,0
2022/7/10 1:15,0
2022/7/10 1:30,0
2022/7/10 1:45,0
2022/7/10 2:00,0
2022/7/10 2:15,0
2022/7/10 2:30,0
2022/7/10 2:45,0
2022/7/10 3:00,0
2022/7/10 3:15,0
2022/7/10 3:30,0
2022/7/10 3:45,0
2022/7/10 4:00,0
2022/7/10 4:15,0
2022/7/10 4:30,0
2022/7/10 4:45,0
2022/7/10 5:00,0
2022/7/10 5:15,0
2022/7/10 5:30,0
2022/7/10 5:45,0
2022/7/10 6:00,0
2022/7/10 6:15,0
2022/7/10 6:30,0
2022/7/10 6:45,0
2022/7/10 7:00,0
2022/7/10 7:15,0
2022/7/10 7:30,0
2022/7/10 7:45,0
2022/7/10 8:00,0
2022/7/10 8:15,0
2022/7/10 8:30,0
2022/7/10 8:45,0
2022/7/10 9:00,0
2022/7/10 9:15,0
2022/7/10 9:30,0
2022/7/10 9:45,0
2022/7/10 10:00,0
2022/7/10 10:15,0
2022/7/10 10:30,0
2022/7/10 10:45,0
2022/7/10 11:00,0
2022/7/10 11:15,0
2022/7/10 11:30,0
2022/7/10 11:45,0
2022/7/10 12:00,0
2022/7/10 12:15,0
2022/7/10 12:30,0
2022/7/10 12:45,0
2022/7/10 13:00,0
2022/7/10 13:15,0
2022/7/10 13:30,0
2022/7/10 13:45,0
2022/7/10 14:00,0
2022/7/10 14:15,0
2022/7/10 14:30,0
2022/7/10 14:45,0
2022/7/10 15:00,0
2022/7/10 15:15,0
2022/7/10 15:30,0
2022/7/10 15:45,0
2022/7/10 16:00,0
2022/7/10 16:15,0
2022/7/10 16:30,0
2022/7/10 16:45,0
2022/7/10 17:00,0
2022/7/10 17:15,0
2022/7/10 17:30,0
2022/7/10 17:45,0
2022/7/10 18:00,0
2022/7/10 18:15,0
2022/7/10 18:30,0
2022/7/10 18:45,0
2022/7/10 19:00,0
2022/7/10 19:15,0
2022/7/10 19:30,0
2022/7/10 19:45,0
2022/7/10 20:00,0
2022/7/10 20:15,0
2022/7/10 20:30,0
2022/7/10 20:45,0
2022/7/10 21:00,0
2022/7/10 21:15,0
2022/7/10 21:30,0
2022/7/10 21:45,0
2022/7/10 22:00,0
2022/7/10 22:15,0
2022/7/10 22:30,0
2022/7/10 22:45,0
2022/7/10 23:00,0
2022/7/10 23:15,0
2022/7/10 23:30,0
2022/7/10 23:45,0
2022/7/11 0:00,0
2022/7/11 0:15,0
2022/7/11 0:30,0
2022/7/11 0:45,0
2022/7/11 1:00,0
2022/7/11 1:15,0
2022/7/11 1:30,0
2022/7/11 1:45,0
2022/7/11 2:00,0
2022/7/11 2:15,0
2022/7/11 2:30,0
2022/7/11 2:45,0
2022/7/11 3:00,0
2022/7/11 3:15,0
2022/7/11 3:30,0
2022/7/11 3:45,0
2022/7/11 4:00,0
2022/7/11 4:15,0
2022/7/11 4:30,0
2022/7/11 4:45,0
2022/7/11 5:00,0
2022/7/11 5:15,0
2022/7/11 5:30,0
2022/7/11 5:45,0
2022/7/11 6:00,0
2022/7/11 6:15,0
2022/7/11 6:30,0
2022/7/11 6:45,0
2022/7/11 7:00,0
2022/7/11 7:15,0
2022/7/11 7:30,0
2022/7/11 7:45,
2022/7/11 8:00,20428.05713
2022/7/11 8:15,3539.910037
2022/7/11 8:30,0
2022/7/11 8:45,11161.47823
2022/7/11 9:00,4837.014663
2022/7/11 9:15,4903.910983
2022/7/11 9:30,8204.841165
2022/7/11 9:45,7178.647417
2022/7/11 10:00,9389.086437
2022/7/11 10:15,14819.75046
2022/7/11 10:30,9291.706677
2022/7/11 10:45,4511.895181
2022/7/11 11:00,13623.80704
2022/7/11 11:15,8036.299651
2022/7/11 11:30,6202.967184
2022/7/11 11:45,6132.862716
2022/7/11 12:00,3656.933447
2022/7/11 12:15,0
2022/7/11 12:30,0
2022/7/11 12:45,0
2022/7/11 13:00,0
2022/7/11 13:15,0
2022/7/11 13:30,0
2022/7/11 13:45,0
2022/7/11 14:00,17651.7359
2022/7/11 14:15,12757.01051
2022/7/11 14:30,18760.24282
2022/7/11 14:45,4335.220799
2022/7/11 15:00,0
2022/7/11 15:15,649.5174901
2022/7/11 15:30,16887.62475
2022/7/11 15:45,21818.11916
2022/7/11 16:00,14548.91866
2022/7/11 16:15,8382.984886
2022/7/11 16:30,10350.84202
2022/7/11 16:45,8901.404064
2022/7/11 17:00,9219.026694
2022/7/11 17:15,8400.523156
2022/7/11 17:30,0
2022/7/11 17:45,0
2022/7/11 18:00,0
2022/7/11 18:15,0
2022/7/11 18:30,8792.836429
2022/7/11 18:45,0
2022/7/11 19:00,0
2022/7/11 19:15,0
2022/7/11 19:30,0
2022/7/11 19:45,0
2022/7/11 20:00,17948.29167
2022/7/11 20:15,10502.79492
2022/7/11 20:30,0
2022/7/11 20:45,0
2022/7/11 21:00,0
2022/7/11 21:15,0
2022/7/11 21:30,0
2022/7/11 21:45,0
2022/7/11 22:00,0
2022/7/11 22:15,0
2022/7/11 22:30,0
2022/7/11 22:45,0
2022/7/11 23:00,0
2022/7/11 23:15,0
2022/7/11 23:30,0
2022/7/11 23:45,0
2022/7/12 0:00,0
2022/7/12 0:15,0
2022/7/12 0:30,0
2022/7/12 0:45,0
2022/7/12 1:00,0
2022/7/12 1:15,0
2022/7/12 1:30,0
2022/7/12 1:45,0
2022/7/12 2:00,0
2022/7/12 2:15,0
2022/7/12 2:30,0
2022/7/12 2:45,0
2022/7/12 3:00,0
2022/7/12 3:15,0
2022/7/12 3:30,0
2022/7/12 3:45,0
2022/7/12 4:00,0
2022/7/12 4:15,0
2022/7/12 4:30,0
2022/7/12 4:45,0
2022/7/12 5:00,0
2022/7/12 5:15,0
2022/7/12 5:30,0
2022/7/12 5:45,0
2022/7/12 6:00,0
2022/7/12 6:15,0
2022/7/12 6:30,0
2022/7/12 6:45,0
2022/7/12 7:00,0
2022/7/12 7:15,0
2022/7/12 7:30,0
2022/7/12 7:45,0
2022/7/12 8:00,0
2022/7/12 8:15,0
2022/7/12 8:30,0
2022/7/12 8:45,
2022/7/12 9:00,22973.80041
2022/7/12 9:15,7392.977921
2022/7/12 9:30,0
2022/7/12 9:45,0
2022/7/12 10:00,0
2022/7/12 10:15,0
2022/7/12 10:30,0
2022/7/12 10:45,0
2022/7/12 11:00,20154.67633
2022/7/12 11:15,7892.302224
2022/7/12 11:30,8090.062947
2022/7/12 11:45,16274.78901
2022/7/12 12:00,5790.142531
2022/7/12 12:15,619.6432856
2022/7/12 12:30,18470.01791
2022/7/12 12:45,9200.053432
2022/7/12 13:00,11532.63073
2022/7/12 13:15,9717.793341
2022/7/12 13:30,-672.9744471
2022/7/12 13:45,5411.59212
2022/7/12 14:00,11056.81903
2022/7/12 14:15,7780.667543
2022/7/12 14:30,0
2022/7/12 14:45,0
2022/7/12 15:00,0
2022/7/12 15:15,0
2022/7/12 15:30,0
2022/7/12 15:45,0
2022/7/12 16:00,0
2022/7/12 16:15,0
2022/7/12 16:30,0
2022/7/12 16:45,0
2022/7/12 17:00,0
2022/7/12 17:15,19847.3542
2022/7/12 17:30,18927.29962
2022/7/12 17:45,19095.0472
2022/7/12 18:00,-908.2689579
2022/7/12 18:15,0
2022/7/12 18:30,0
2022/7/12 18:45,0
2022/7/13 8:15,0
2022/7/13 8:30,0
2022/7/13 8:45,0
2022/7/13 9:00,0
2022/7/13 9:15,0
2022/7/13 9:30,0
2022/7/13 9:45,0
2022/7/13 10:00,0
2022/7/13 10:15,0
2022/7/13 10:30,0
2022/7/13 10:45,0
2022/7/13 11:00,0
2022/7/13 11:15,0
2022/7/13 11:30,0
2022/7/13 11:45,4760.265403
2022/7/13 12:00,15657.26541
2022/7/13 12:15,16405.82057
2022/7/13 12:30,9098.25667
2022/7/13 12:45,-658.7049492
2022/7/13 13:00,0
2022/7/13 13:15,15289.37458
2022/7/13 13:30,35561.60563
2022/7/13 13:45,41905.62326
2022/7/13 14:00,31621.95109
2022/7/13 14:15,26458.3707
2022/7/13 14:30,22934.1838
2022/7/13 14:45,16893.44137
2022/7/13 15:00,16005.68332
2022/7/13 15:15,21864.83485
2022/7/13 15:30,22734.79481
2022/7/13 15:45,15849.85675
2022/7/13 16:00,22640.13086
2022/7/13 16:15,28943.24604
2022/7/13 16:30,33236.16885
2022/7/13 16:45,19917.09988
2022/7/13 17:00,16121.13498
2022/7/13 17:15,14716.0099
2022/7/13 17:30,21340.55754
2022/7/13 17:45,15962.23972
2022/7/13 18:00,10773.58116
2022/7/13 18:15,11599.77868
2022/7/13 18:30,12847.80965
2022/7/13 18:45,12739.9251
2022/7/13 19:00,5824.739115
2022/7/13 19:15,0
2022/7/13 19:30,7025.124325
2022/7/13 19:45,11156.44361
2022/7/13 20:00,0
2022/7/13 20:15,0
2022/7/13 20:30,0
2022/7/13 20:45,0
2022/7/13 21:00,0
2022/7/13 21:15,0
2022/7/13 21:30,0
2022/7/13 21:45,0
2022/7/13 22:00,0
2022/7/13 22:15,0
2022/7/13 22:30,0
2022/7/13 22:45,0
2022/7/13 23:00,0
2022/7/13 23:15,0
2022/7/13 23:30,0
2022/7/13 23:45,0
2022/7/14 0:00,0
2022/7/14 0:15,0
2022/7/14 0:30,0
2022/7/14 0:45,0
2022/7/14 1:00,0
2022/7/14 1:15,0
2022/7/14 1:30,0
2022/7/14 1:45,0
2022/7/14 2:00,0
2022/7/14 2:15,0
2022/7/14 2:30,0
2022/7/14 2:45,0
2022/7/14 3:00,0
2022/7/14 3:15,0
2022/7/14 3:30,0
2022/7/14 3:45,0
2022/7/14 4:00,0
2022/7/14 4:15,0
2022/7/14 4:30,0
2022/7/14 4:45,0
2022/7/14 5:00,0
2022/7/14 5:15,0
2022/7/14 5:30,0
2022/7/14 5:45,0
2022/7/14 6:00,0
2022/7/14 6:15,0
2022/7/14 6:30,0
2022/7/14 6:45,0
2022/7/14 7:00,0
2022/7/14 7:15,0
2022/7/14 7:30,0
2022/7/14 7:45,0
2022/7/14 8:00,0
2022/7/14 8:15,0
2022/7/14 8:30,0
2022/7/14 8:45,0
2022/7/14 9:00,0
2022/7/14 9:15,0
2022/7/14 9:30,
2022/7/14 9:45,20572.87023
2022/7/14 10:00,13262.3286
2022/7/14 10:15,17376.97095
2022/7/14 10:30,9059.404889
2022/7/14 10:45,5189.412677
2022/7/14 11:00,0
2022/7/14 11:15,0
2022/7/14 11:30,0
2022/7/14 11:45,9733.512894
2022/7/14 12:00,19351.16777
2022/7/14 12:15,8683.225233
2022/7/14 12:30,20032.37869
2022/7/14 12:45,6652.407663
2022/7/14 13:00,-758.3801889
2022/7/14 13:15,-662.9241757
2022/7/14 13:30,-648.4583119
2022/7/14 13:45,0
2022/7/14 14:00,0
2022/7/14 14:15,0
2022/7/14 14:30,0
2022/7/14 14:45,0
2022/7/14 15:00,0
2022/7/14 15:15,0
2022/7/14 15:30,0
2022/7/14 15:45,0
2022/7/14 16:00,0
2022/7/14 16:15,0
2022/7/14 16:30,0
2022/7/14 16:45,0
2022/7/14 17:00,0
2022/7/14 17:15,0
2022/7/14 17:30,0
2022/7/14 17:45,0
2022/7/14 18:00,0
2022/7/14 18:15,0
2022/7/14 18:30,0
2022/7/14 18:45,0
2022/7/14 19:00,0
2022/7/14 19:15,0
2022/7/14 19:30,0
2022/7/14 19:45,0
2022/7/14 20:00,0
2022/7/14 20:15,0
2022/7/14 20:30,0
2022/7/14 20:45,0
2022/7/14 21:00,0
2022/7/14 21:15,0
2022/7/14 21:30,0
2022/7/14 21:45,0
2022/7/14 22:00,0
2022/7/14 22:15,0
2022/7/14 22:30,0
2022/7/14 22:45,0
2022/7/14 23:00,0
2022/7/14 23:15,0
2022/7/14 23:30,0
2022/7/14 23:45,0
2022/7/15 0:00,0
2022/7/15 0:15,0
2022/7/15 0:30,0
2022/7/15 0:45,0
2022/7/15 1:00,0
2022/7/15 1:15,0
2022/7/15 1:30,0
2022/7/15 1:45,0
2022/7/15 2:00,0
2022/7/15 2:15,0
2022/7/15 2:30,0
2022/7/15 2:45,0
2022/7/15 3:00,0
2022/7/15 3:15,0
2022/7/15 3:30,0
2022/7/15 3:45,0
2022/7/15 4:00,0
2022/7/15 4:15,0
2022/7/15 4:30,0
2022/7/15 4:45,0
2022/7/15 5:00,0
2022/7/15 5:15,0
2022/7/15 5:30,0
2022/7/15 5:45,0
2022/7/15 6:00,0
2022/7/15 6:15,0
2022/7/15 6:30,0
2022/7/15 6:45,0
2022/7/15 7:00,0
2022/7/15 7:15,0
2022/7/15 7:30,0
2022/7/15 7:45,0
2022/7/15 8:00,0
2022/7/15 8:15,0
2022/7/15 8:30,0
2022/7/15 8:45,2955.546266
2022/7/15 9:00,21220.40233
2022/7/15 9:15,15893.25872
2022/7/15 9:30,13823.34168
2022/7/15 9:45,12638.42853
2022/7/15 10:00,20183.75017
2022/7/15 10:15,13651.61566
2022/7/15 10:30,8062.114429
2022/7/15 10:45,5722.440434
2022/7/15 11:00,8016.152901
2022/7/15 11:15,13154.26154
2022/7/15 11:30,0
2022/7/15 11:45,6091.472639
2022/7/15 12:00,8805.429113
2022/7/15 12:15,1887.937848
2022/7/15 12:30,5071.304259
2022/7/15 12:45,4425.705807
2022/7/15 13:00,4142.443031
2022/7/15 13:15,4074.097944
2022/7/15 13:30,1747.037993
2022/7/15 13:45,0
2022/7/15 14:00,13731.70129
2022/7/15 14:15,15001.64755
2022/7/15 14:30,4328.742957
2022/7/15 14:45,0
2022/7/15 15:00,0
2022/7/15 15:15,0
2022/7/15 15:30,
2022/7/15 15:45,13356.3899
2022/7/15 16:00,10148.67567
2022/7/15 16:15,9628.507954
2022/7/15 16:30,7905.767582
2022/7/15 16:45,-312.8282277
2022/7/15 17:00,0
2022/7/15 17:15,0
2022/7/15 17:30,0
2022/7/15 17:45,0
2022/7/15 18:00,0
2022/7/15 18:15,0
2022/7/15 18:30,0
2022/7/15 18:45,0
2022/7/15 19:00,0
2022/7/15 19:15,0
2022/7/15 19:30,0
2022/7/15 19:45,0
2022/7/15 20:00,0
2022/7/15 20:15,0
2022/7/15 20:30,0
2022/7/15 20:45,0
2022/7/15 21:00,0
2022/7/15 21:15,0
2022/7/15 21:30,0
2022/7/15 21:45,0
2022/7/15 22:00,0
2022/7/15 22:15,0
2022/7/15 22:30,0
2022/7/15 22:45,0
2022/7/15 23:00,0
2022/7/15 23:15,0
2022/7/15 23:30,0
2022/7/15 23:45,0
2022/7/16 0:00,0
2022/7/16 0:15,0
2022/7/16 0:30,0
2022/7/16 0:45,0
2022/7/16 1:00,0
2022/7/16 1:15,0
2022/7/16 1:30,0
2022/7/16 1:45,0
2022/7/16 2:00,0
2022/7/16 2:15,0
2022/7/16 2:30,0
2022/7/16 2:45,0
2022/7/16 3:00,0
2022/7/16 3:15,0
2022/7/16 3:30,0
2022/7/16 3:45,0
2022/7/16 4:00,0
2022/7/16 4:15,0
2022/7/16 4:30,0
2022/7/16 4:45,0
2022/7/16 5:00,0
2022/7/16 5:15,0
2022/7/16 5:30,0
2022/7/16 5:45,0
2022/7/16 6:00,0
2022/7/16 6:15,0
2022/7/16 6:30,0
2022/7/16 6:45,0
2022/7/16 7:00,0
2022/7/16 7:15,0
2022/7/16 7:30,0
2022/7/16 7:45,0
2022/7/16 8:00,0
2022/7/16 8:15,0
2022/7/16 8:30,17991.76863
2022/7/16 8:45,0
2022/7/16 9:00,0
2022/7/16 9:15,0
2022/7/16 9:30,0
2022/7/16 9:45,0
2022/7/16 10:00,0
2022/7/16 10:15,0
2022/7/16 10:30,0
2022/7/16 10:45,0
2022/7/16 11:00,0
2022/7/16 11:15,0
2022/7/16 11:30,0
2022/7/16 11:45,0
2022/7/16 12:00,0
2022/7/16 12:15,0
2022/7/16 12:30,0
2022/7/16 12:45,0
2022/7/16 13:00,0
2022/7/16 13:15,0
2022/7/16 13:30,0
2022/7/16 13:45,0
2022/7/16 14:00,0
2022/7/16 14:15,0
2022/7/16 14:30,0
2022/7/16 14:45,0
2022/7/16 15:00,0
2022/7/16 15:15,0
2022/7/16 15:30,0
2022/7/16 15:45,0
2022/7/16 16:00,0
2022/7/16 16:15,0
2022/7/16 16:30,0
2022/7/16 16:45,0
2022/7/16 17:00,0
2022/7/16 17:15,0
2022/7/16 17:30,0
2022/7/16 17:45,0
2022/7/16 18:00,0
2022/7/16 18:15,0
2022/7/16 18:30,0
2022/7/16 18:45,0
2022/7/16 19:00,0
2022/7/16 19:15,0
2022/7/16 19:30,0
2022/7/16 19:45,0
2022/7/16 20:00,0
2022/7/16 20:15,0
2022/7/16 20:30,0
2022/7/16 20:45,0
2022/7/16 21:00,0
2022/7/16 21:15,0
2022/7/16 21:30,0
2022/7/16 21:45,0
2022/7/16 22:00,0
2022/7/16 22:15,0
2022/7/16 22:30,0
2022/7/16 22:45,0
2022/7/16 23:00,0
2022/7/16 23:15,0
2022/7/16 23:30,0
2022/7/16 23:45,0
2022/7/17 0:00,0
2022/7/17 0:15,0
2022/7/17 0:30,0
2022/7/17 0:45,0
2022/7/17 1:00,0
2022/7/17 1:15,0
2022/7/17 1:30,0
2022/7/17 1:45,0
2022/7/17 2:00,0
2022/7/17 2:15,0
2022/7/17 2:30,0
2022/7/17 2:45,0
2022/7/17 3:00,0
2022/7/17 3:15,0
2022/7/17 3:30,0
2022/7/17 3:45,0
2022/7/17 4:00,0
2022/7/17 4:15,0
2022/7/17 4:30,0
2022/7/17 4:45,0
2022/7/17 5:00,0
2022/7/17 5:15,0
2022/7/17 5:30,0
2022/7/17 5:45,0
2022/7/17 6:00,0
2022/7/18 8:00,0
2022/7/18 8:15,0
2022/7/18 8:30,0
2022/7/18 8:45,10559.7781
2022/7/18 9:00,16616.49115
2022/7/18 9:15,26059.27958
2022/7/18 9:30,20643.4836
2022/7/18 9:45,11777.36485
2022/7/18 10:00,23086.5095
2022/7/18 10:15,9794.658579
2022/7/18 10:30,9425.896039
2022/7/18 10:45,7181.738436
2022/7/18 11:00,11260.10873
2022/7/18 11:15,9472.609064
2022/7/18 11:30,8090.209245
2022/7/18 11:45,13348.65526
2022/7/18 12:00,16305.58486
2022/7/18 12:15,15868.38063
2022/7/18 12:30,9969.480695
2022/7/18 12:45,6242.730233
2022/7/18 13:00,3983.987031
2022/7/18 13:15,3455.35908
2022/7/18 13:30,2357.954666
2022/7/18 13:45,-390.9678938
2022/7/18 14:00,0
2022/7/18 14:15,0
2022/7/18 14:30,0
2022/7/18 14:45,
2022/7/18 15:00,19592.90493
2022/7/18 15:15,13417.28525
2022/7/18 15:30,13062.45769
2022/7/18 15:45,0
2022/7/18 16:00,21516.29496
2022/7/18 16:15,16840.84107
2022/7/18 16:30,14481.38587
2022/7/18 16:45,18346.55137
2022/7/18 17:00,10702.67959
2022/7/18 17:15,4292.653506
2022/7/18 17:30,9612.724277
2022/7/18 17:45,7885.248583
2022/7/18 18:00,10619.94593
2022/7/18 18:15,7246.960866
2022/7/18 18:30,8961.498351
2022/7/18 18:45,13036.76133
2022/7/18 19:00,1206.879597
2022/7/18 19:15,0
2022/7/18 19:30,0
2022/7/18 19:45,0
2022/7/18 20:00,0
2022/7/18 20:15,0
2022/7/18 20:30,0
2022/7/18 20:45,0
2022/7/18 21:00,0
2022/7/18 21:15,0
2022/7/18 21:30,0
2022/7/18 21:45,0
2022/7/18 22:00,0
2022/7/18 22:15,0
2022/7/18 22:30,0
2022/7/18 22:45,0
2022/7/18 23:00,0
2022/7/18 23:15,0
2022/7/18 23:30,0
2022/7/18 23:45,0
2022/7/19 0:00,0
2022/7/19 0:15,0
2022/7/19 0:30,0
2022/7/19 0:45,0
2022/7/19 1:00,0
2022/7/19 1:15,0
2022/7/19 1:30,0
2022/7/19 1:45,0
2022/7/19 2:00,0
2022/7/19 2:15,0
2022/7/19 2:30,0
2022/7/19 2:45,0
2022/7/19 3:00,0
2022/7/19 3:15,0
2022/7/19 3:30,0
2022/7/19 3:45,0
2022/7/19 4:00,0
2022/7/19 4:15,0
2022/7/19 4:30,0
2022/7/19 4:45,0
2022/7/19 5:00,0
2022/7/19 5:15,0
2022/7/19 5:30,0
2022/7/19 5:45,0
2022/7/19 6:00,0
2022/7/19 6:15,0
2022/7/19 6:30,0
2022/7/19 6:45,0
2022/7/19 7:00,0
2022/7/19 7:15,0
2022/7/19 7:30,0
2022/7/19 7:45,0
2022/7/19 8:00,0
2022/7/19 8:15,0
2022/7/19 8:30,0
2022/7/19 8:45,0
2022/7/19 9:00,0
2022/7/19 9:15,0
2022/7/19 9:30,0
2022/7/19 9:45,0
2022/7/19 10:00,0
2022/7/19 10:15,15598.32316
2022/7/19 10:30,21132.67947
2022/7/19 10:45,24798.73866
2022/7/19 11:00,20688.91269
2022/7/19 11:15,9990.022156
2022/7/19 11:30,1614.192827
2022/7/19 11:45,21848.80344
2022/7/19 12:00,18931.4098
2022/7/19 12:15,3402.592023
2022/7/19 12:30,22491.59356
2022/7/19 12:45,5960.50071
2022/7/19 13:00,-607.8479132
2022/7/19 13:15,-165.7810569
2022/7/19 13:30,0
2022/7/19 13:45,12963.11297
2022/7/19 14:00,23772.92447
2022/7/19 14:15,7033.601691
2022/7/19 14:30,176.8436693
2022/7/19 14:45,24576.64585
2022/7/19 15:00,7309.062776
2022/7/19 15:15,14663.73806
2022/7/19 15:30,15186.23163
2022/7/19 15:45,15659.01379
2022/7/19 16:00,7424.566688
2022/7/19 16:15,9554.893167
2022/7/19 16:30,14324.50524
2022/7/19 16:45,15731.60292
2022/7/19 17:00,16860.96202
2022/7/19 17:15,17491.99996
2022/7/19 17:30,17764.16035
2022/7/19 17:45,21094.23576
2022/7/19 18:00,17457.40331
2022/7/19 18:15,12873.74211
2022/7/19 18:30,6193.661917
2022/7/19 18:45,7309.858835
2022/7/19 19:00,0
2022/7/19 19:15,0
2022/7/19 19:30,0
2022/7/19 19:45,0
2022/7/19 20:00,0
2022/7/19 20:15,0
2022/7/19 20:30,0
2022/7/19 20:45,0
2022/7/19 21:00,0
2022/7/19 21:15,0
2022/7/19 21:30,0
2022/7/19 21:45,0
2022/7/19 22:00,0
2022/7/19 22:15,0
2022/7/19 22:30,0
2022/7/19 22:45,0
2022/7/19 23:00,0
2022/7/19 23:15,0
2022/7/19 23:30,0
2022/7/19 23:45,0
2022/7/20 0:00,0
2022/7/20 0:15,0
2022/7/20 0:30,0
2022/7/20 0:45,0
2022/7/20 1:00,0
2022/7/20 1:15,0
2022/7/20 1:30,0
2022/7/20 1:45,0
2022/7/20 2:00,0
2022/7/20 2:15,0
2022/7/20 2:30,0
2022/7/20 2:45,0
2022/7/20 3:00,0
2022/7/20 3:15,0
2022/7/20 3:30,0
2022/7/20 3:45,0
2022/7/20 4:00,0
2022/7/20 4:15,0
2022/7/20 4:30,0
2022/7/20 4:45,0
2022/7/20 5:00,0
2022/7/20 5:15,0
2022/7/20 5:30,0
2022/7/20 5:45,0
2022/7/20 6:00,0
2022/7/20 6:15,0
2022/7/20 6:30,0
2022/7/20 6:45,0
2022/7/20 7:00,0
2022/7/20 7:15,0
2022/7/20 7:30,0
2022/7/20 7:45,0
2022/7/20 8:00,0
2022/7/20 8:15,0
2022/7/20 8:30,0
2022/7/20 8:45,0
2022/7/20 9:00,0
2022/7/20 9:15,0
2022/7/20 9:30,17956.13117
2022/7/20 9:45,15773.29587
2022/7/20 10:00,9720.113211
2022/7/20 10:15,0
2022/7/20 10:30,0
2022/7/20 10:45,0
2022/7/20 11:00,0
2022/7/20 11:15,0
2022/7/20 11:30,0
2022/7/20 11:45,22864.90121
2022/7/20 12:00,20925.49406
2022/7/20 12:15,19233.48108
2022/7/20 12:30,7104.397761
2022/7/20 12:45,13127.22936
2022/7/20 13:00,-765.7769157
2022/7/20 13:15,-666.2971106
2022/7/20 13:30,-193.1392272
2022/7/20 13:45,0
2022/7/20 14:00,19451.68372
2022/7/20 14:15,8152.89252
2022/7/20 14:30,13621.80919
2022/7/20 14:45,8536.303325
2022/7/20 15:00,10220.51968
2022/7/20 15:15,15411.68952
2022/7/20 15:30,12945.57236
2022/7/20 15:45,10289.34989
2022/7/20 16:00,6584.247758
2022/7/20 16:15,891.2871796
2022/7/20 16:30,0
2022/7/20 16:45,0
2022/7/20 17:00,0
2022/7/20 17:15,0
2022/7/20 17:30,0
2022/7/20 17:45,0
2022/7/20 18:00,0
2022/7/20 18:15,0
2022/7/20 18:30,0
2022/7/20 18:45,13439.62268
2022/7/20 19:00,14409.76466
2022/7/20 19:15,12094.66746
2022/7/20 19:30,15213.26494
2022/7/20 19:45,16235.48815
2022/7/20 20:00,11275.79908
2022/7/20 20:15,14760.23569
2022/7/20 20:30,9373.749383
2022/7/20 20:45,7984.77323
2022/7/20 21:00,0
2022/7/20 21:15,0
2022/7/20 21:30,0
2022/7/20 21:45,0
2022/7/20 22:00,0
2022/7/20 22:15,0
2022/7/20 22:30,0
2022/7/20 22:45,0
2022/7/20 23:00,0
2022/7/20 23:15,0
2022/7/20 23:30,0
2022/7/20 23:45,0
2022/7/21 0:00,0
2022/7/21 0:15,0
2022/7/21 0:30,0
2022/7/21 0:45,0
2022/7/21 1:00,0
2022/7/21 1:15,0
2022/7/21 1:30,0
2022/7/21 1:45,0
2022/7/21 2:00,0
2022/7/21 2:15,0
2022/7/21 2:30,0
2022/7/21 2:45,0
2022/7/21 3:00,0
2022/7/21 3:15,0
2022/7/21 3:30,0
2022/7/21 3:45,0
2022/7/21 4:00,0
2022/7/21 4:15,0
2022/7/21 4:30,0
2022/7/21 4:45,0
2022/7/21 5:00,0
2022/7/21 5:15,0
2022/7/21 5:30,0
2022/7/21 5:45,0
2022/7/21 6:00,0
2022/7/21 6:15,0
2022/7/21 6:30,0
2022/7/21 6:45,0
2022/7/21 7:00,0
2022/7/21 7:15,0
2022/7/21 7:30,0
2022/7/21 7:45,0
2022/7/21 8:00,0
2022/7/21 8:15,0
2022/7/21 8:30,0
2022/7/21 8:45,0
2022/7/21 9:00,0
2022/7/21 9:15,0
2022/7/21 9:30,3748.446858
2022/7/21 9:45,22891.12068
2022/7/21 10:00,25929.84653
2022/7/21 10:15,2773.886076
2022/7/21 10:30,10911.6309
2022/7/21 10:45,0
2022/7/21 11:00,9206.877316
2022/7/21 11:15,22170.98593
2022/7/21 11:30,16226.53
2022/7/21 11:45,27593.74444
2022/7/21 12:00,24033.92193
2022/7/21 12:15,11739.64353
2022/7/21 12:30,23054.22788
2022/7/21 12:45,26166.15262
2022/7/21 13:00,24455.99271
2022/7/21 13:15,21832.4525
2022/7/21 13:30,19262.48266
2022/7/21 13:45,19163.05396
2022/7/21 14:00,31781.78398
2022/7/21 14:15,28501.85472
2022/7/21 14:30,24891.16512
2022/7/21 14:45,20982.15402
2022/7/21 15:00,19873.61656
2022/7/21 15:15,22784.31562
2022/7/21 15:30,20516.73471
2022/7/21 15:45,12970.84986
2022/7/21 16:00,15493.56734
2022/7/21 16:15,18105.32131
2022/7/21 16:30,20244.96991
2022/7/21 16:45,21328.8337
2022/7/21 17:00,22663.44478
2022/7/21 17:15,19108.72665
2022/7/21 17:30,19611.68305
2022/7/21 17:45,15169.5974
2022/7/21 18:00,18560.32285
2022/7/21 18:15,25669.89752
2022/7/21 18:30,21823.66582
2022/7/21 18:45,20078.26299
2022/7/21 19:00,0
2022/7/21 19:15,0
2022/7/21 19:30,-163.1276094
2022/7/21 19:45,21873.04566
2022/7/21 20:00,6214.322437
2022/7/21 20:15,0
2022/7/21 20:30,0
2022/7/21 20:45,0
2022/7/21 21:00,0
2022/7/21 21:15,0
2022/7/21 21:30,0
2022/7/21 21:45,0
2022/7/21 22:00,0
2022/7/21 22:15,0
2022/7/21 22:30,0
2022/7/21 22:45,0
2022/7/21 23:00,0
2022/7/21 23:15,0
2022/7/21 23:30,0
2022/7/21 23:45,0
2022/7/22 0:00,0
2022/7/22 0:15,0
2022/7/22 0:30,0
2022/7/22 0:45,0
2022/7/22 1:00,0
2022/7/22 1:15,0
2022/7/22 1:30,0
2022/7/22 1:45,0
2022/7/22 2:00,0
2022/7/22 2:15,0
2022/7/22 2:30,0
2022/7/22 2:45,0
2022/7/22 3:00,0
2022/7/22 3:15,0
2022/7/22 3:30,0
2022/7/22 3:45,0
2022/7/22 4:00,0
2022/7/22 4:15,0
2022/7/22 4:30,0
2022/7/22 4:45,0
2022/7/22 5:00,0
2022/7/22 5:15,0
2022/7/22 5:30,0
2022/7/22 5:45,0
2022/7/22 6:00,0
2022/7/22 6:15,0
2022/7/22 6:30,0
2022/7/22 6:45,0
2022/7/22 7:00,0
2022/7/22 7:15,0
2022/7/22 7:30,0
2022/7/22 7:45,0
2022/7/22 8:00,0
2022/7/22 8:15,0
2022/7/22 8:30,0
2022/7/22 8:45,0
2022/7/22 9:00,0
2022/7/22 9:15,0
2022/7/22 9:30,0
2022/7/22 9:45,0
2022/7/22 10:00,0
2022/7/22 10:15,0
2022/7/22 10:30,0
2022/7/22 10:45,0
2022/7/22 11:00,0
2022/7/22 11:15,0
2022/7/22 11:30,0
2022/7/22 11:45,0
2022/7/22 12:00,13773.92421
2022/7/22 12:15,21155.91193
2022/7/22 12:30,13106.72947
2022/7/22 12:45,18951.42382
2022/7/22 13:00,19552.40037
2022/7/22 13:15,12349.45584
2022/7/22 13:30,0
2022/7/22 13:45,0
2022/7/22 14:00,0
2022/7/22 14:15,0
2022/7/22 14:30,0
2022/7/22 14:45,0
2022/7/22 15:00,3483.676845
2022/7/22 15:15,13773.50138
2022/7/22 15:30,17604.32674
2022/7/22 15:45,14634.50004
2022/7/22 16:00,18610.50186
2022/7/22 16:15,9351.168422
2022/7/22 16:30,9393.684257
2022/7/22 16:45,8948.290574
2022/7/22 17:00,12959.68599
2022/7/22 17:15,7530.615812
2022/7/22 17:30,17514.36144
2022/7/22 17:45,13746.65735
2022/7/22 18:00,12446.3613
2022/7/22 18:15,13481.02919
2022/7/22 18:30,7500.081434
2022/7/22 18:45,2824.849189
2022/7/22 19:00,0
2022/7/22 19:15,0
2022/7/22 19:30,0
2022/7/22 19:45,0
2022/7/22 20:00,0
2022/7/22 20:15,0
2022/7/22 20:30,0
2022/7/22 20:45,0
2022/7/22 21:00,0
2022/7/22 21:15,0
2022/7/22 21:30,0
2022/7/22 21:45,0
2022/7/22 22:00,0
2022/7/22 22:15,0
2022/7/22 22:30,0
2022/7/22 22:45,0
2022/7/22 23:00,0
2022/7/22 23:15,0
2022/7/22 23:30,0
2022/7/22 23:45,0
2022/7/23 0:00,0
2022/7/23 0:15,0
2022/7/23 0:30,0
2022/7/23 0:45,0
2022/7/23 1:00,0
2022/7/23 1:15,0
2022/7/23 1:30,0
2022/7/23 1:45,0
2022/7/23 2:00,0
2022/7/23 2:15,0
2022/7/23 2:30,0
2022/7/23 2:45,0
2022/7/23 3:00,0
2022/7/23 3:15,0
2022/7/23 3:30,0
2022/7/23 3:45,0
2022/7/23 4:00,0
2022/7/23 4:15,0
2022/7/23 4:30,0
2022/7/23 4:45,0
2022/7/23 5:00,0
2022/7/23 5:15,0
2022/7/23 5:30,0
2022/7/23 5:45,0
2022/7/23 6:00,0
2022/7/23 6:15,0
2022/7/23 6:30,0
2022/7/23 6:45,0
2022/7/23 7:00,0
2022/7/23 7:15,0
2022/7/23 7:30,0
2022/7/23 7:45,0
2022/7/23 8:00,0
2022/7/23 8:15,0
2022/7/23 8:30,0
2022/7/23 8:45,0
2022/7/23 9:00,0
2022/7/23 9:15,0
2022/7/23 9:30,0
2022/7/23 9:45,0
2022/7/23 10:00,0
2022/7/23 10:15,0
2022/7/23 10:30,0
2022/7/23 10:45,0
2022/7/23 11:00,0
2022/7/23 11:15,0
2022/7/23 11:30,0
2022/7/23 11:45,0
2022/7/23 12:00,0
2022/7/23 12:15,0
2022/7/23 12:30,19111.87974
2022/7/23 12:45,20069.59395
2022/7/23 13:00,20296.9708
2022/7/23 13:15,21319.84873
2022/7/23 13:30,18128.66732
2022/7/23 13:45,1368.567257
2022/7/23 14:00,0
2022/7/23 14:15,0
2022/7/23 14:30,0
2022/7/23 14:45,-875.273039
2022/7/23 15:00,25361.08594
2022/7/23 15:15,21224.82582
2022/7/23 15:30,19245.22216
2022/7/23 15:45,336.6100539
2022/7/23 16:00,15287.58011
2022/7/23 16:15,-930.3623033
2022/7/23 16:30,20451.96305
2022/7/23 16:45,1345.863088
2022/7/23 17:00,15162.34529
2022/7/23 17:15,21044.07362
2022/7/23 17:30,-950.3500144
2022/7/23 17:45,-952.1227431
2022/7/23 18:00,-903.5207609
2022/7/23 18:15,0
2022/7/23 18:30,0
2022/7/23 18:45,0
2022/7/23 19:00,0
2022/7/23 19:15,0
2022/7/23 19:30,0
2022/7/23 19:45,0
2022/7/23 20:00,0
2022/7/23 20:15,0
2022/7/23 20:30,0
2022/7/23 20:45,0
2022/7/23 21:00,0
2022/7/23 21:15,0
2022/7/23 21:30,0
2022/7/23 21:45,0
2022/7/23 22:00,0
2022/7/23 22:15,0
2022/7/23 22:30,0
2022/7/23 22:45,0
2022/7/23 23:00,0
2022/7/23 23:15,0
2022/7/23 23:30,0
2022/7/23 23:45,0
2022/7/24 0:00,0
2022/7/24 0:15,0
2022/7/24 0:30,0
2022/7/24 0:45,0
2022/7/24 1:00,0
2022/7/24 1:15,0
2022/7/24 1:30,0
2022/7/24 1:45,0
2022/7/24 2:00,0
2022/7/24 2:15,0
2022/7/24 2:30,0
2022/7/24 2:45,0
2022/7/24 3:00,0
2022/7/24 3:15,0
2022/7/24 3:30,0
2022/7/24 3:45,0
2022/7/24 4:00,0
2022/7/24 4:15,0
2022/7/24 4:30,0
2022/7/24 4:45,0
2022/7/24 5:00,0
2022/7/24 5:15,0
2022/7/24 5:30,0
2022/7/24 5:45,0
2022/7/24 6:00,0
2022/7/24 6:15,0
2022/7/24 6:30,0
2022/7/24 6:45,0
2022/7/24 7:00,0
2022/7/24 7:15,0
2022/7/24 7:30,0
2022/7/24 7:45,0
2022/7/24 8:00,0
2022/7/24 8:15,0
2022/7/24 8:30,0
2022/7/24 8:45,0
2022/7/24 9:00,0
2022/7/24 9:15,0
2022/7/24 9:30,0
2022/7/24 9:45,0
2022/7/24 10:00,0
2022/7/24 10:15,0
2022/7/24 10:30,0
2022/7/24 10:45,0
2022/7/24 11:00,0
2022/7/24 11:15,0
2022/7/24 11:30,0
2022/7/24 11:45,23447.87969
2022/7/24 12:00,9467.019748
2022/7/24 12:15,10784.30445
2022/7/24 12:30,0
2022/7/24 12:45,0
2022/7/24 13:00,0
2022/7/24 13:15,0
2022/7/24 13:30,0
2022/7/24 13:45,0
2022/7/24 14:00,0
2022/7/24 14:15,0
2022/7/24 14:30,0
2022/7/24 14:45,0
2022/7/24 15:00,0
2022/7/24 15:15,0
2022/7/24 15:30,0
2022/7/24 15:45,0
2022/7/24 16:00,0
2022/7/24 16:15,0
2022/7/24 16:30,0
2022/7/24 16:45,0
2022/7/24 17:00,0
2022/7/24 17:15,0
2022/7/24 17:30,0
2022/7/24 17:45,0
2022/7/24 18:00,0
2022/7/24 18:15,0
2022/7/24 18:30,0
2022/7/24 18:45,0
2022/7/24 19:00,0
2022/7/24 19:15,0
2022/7/24 19:30,0
2022/7/24 19:45,0
2022/7/24 20:00,0
2022/7/24 20:15,0
2022/7/24 20:30,0
2022/7/24 20:45,0
2022/7/24 21:00,0
2022/7/24 21:15,0
2022/7/24 23:30,0
2022/7/25 8:15,22893.26748
2022/7/25 8:30,0
2022/7/25 8:45,11156.82856
2022/7/25 9:00,20192.45213
2022/7/25 9:15,19289.95926
2022/7/25 9:30,26787.22521
2022/7/25 9:45,24764.86132
2022/7/25 10:00,19488.30973
2022/7/25 10:15,14482.1317
2022/7/25 10:30,11220.91315
2022/7/25 10:45,9052.403897
2022/7/25 11:00,13165.63813
2022/7/25 11:15,13544.57033
2022/7/25 11:30,6409.379645
2022/7/25 11:45,19763.4442
2022/7/25 12:00,13408.49207
2022/7/25 12:15,16766.59781
2022/7/25 12:30,14706.05239
2022/7/25 12:45,6787.234885
2022/7/25 13:00,13363.6493
2022/7/25 13:15,11680.98817
2022/7/25 13:30,0
2022/7/25 13:45,5259.781719
2022/7/25 14:00,28262.77025
2022/7/25 14:15,25030.84935
2022/7/25 14:30,18475.03657
2022/7/25 14:45,17443.24433
2022/7/25 15:00,17243.4909
2022/7/25 15:15,22079.7048
2022/7/25 15:30,19595.08675
2022/7/25 15:45,17105.53272
2022/7/25 16:00,18272.92055
2022/7/25 16:15,15230.99239
2022/7/25 16:30,16691.55262
2022/7/25 16:45,11101.34036
2022/7/25 17:00,16014.05806
2022/7/25 17:15,11526.24445
2022/7/25 17:30,13711.05576
2022/7/25 17:45,12502.38853
2022/7/25 18:00,14578.98553
2022/7/25 18:15,16254.59054
2022/7/25 18:30,14048.99327
2022/7/25 18:45,12222.78285
2022/7/25 19:00,0
2022/7/25 19:15,0
2022/7/25 19:30,0
2022/7/25 19:45,0
2022/7/25 20:00,0
2022/7/25 20:15,0
2022/7/25 20:30,0
2022/7/25 20:45,0
2022/7/25 21:00,0
2022/7/25 21:15,0
2022/7/25 21:30,0
2022/7/25 21:45,0
2022/7/25 22:00,0
2022/7/25 22:15,0
2022/7/25 22:30,0
2022/7/25 22:45,0
2022/7/25 23:00,0
2022/7/25 23:15,0
2022/7/25 23:30,0
2022/7/25 23:45,0
2022/7/26 0:00,0
2022/7/26 0:15,0
2022/7/26 0:30,0
2022/7/26 0:45,0
2022/7/26 1:00,0
2022/7/26 1:15,0
2022/7/26 1:30,0
2022/7/26 1:45,0
2022/7/26 2:00,0
2022/7/26 2:15,0
2022/7/26 2:30,0
2022/7/26 2:45,0
2022/7/26 3:00,0
2022/7/26 3:15,0
2022/7/26 3:30,0
2022/7/26 3:45,0
2022/7/26 4:00,0
2022/7/26 4:15,0
2022/7/26 4:30,0
2022/7/26 4:45,0
2022/7/26 5:00,0
2022/7/26 5:15,0
2022/7/26 5:30,0
2022/7/26 5:45,0
2022/7/26 6:00,0
2022/7/26 6:15,0
2022/7/26 6:30,0
2022/7/26 6:45,0
2022/7/26 7:00,0
2022/7/26 7:15,0
2022/7/26 7:30,0
2022/7/26 7:45,0
2022/7/26 8:00,20539.11899
2022/7/26 8:15,34565.48248
2022/7/26 8:30,27145.96175
2022/7/26 8:45,16619.41921
2022/7/26 9:00,19079.85031
2022/7/26 9:15,14464.1732
2022/7/26 9:30,14554.04163
2022/7/26 9:45,12917.13647
2022/7/26 10:00,20224.95959
2022/7/26 10:15,9476.700719
2022/7/26 10:30,0
2022/7/26 10:45,0
2022/7/26 11:00,0
2022/7/26 11:15,0
2022/7/26 11:30,0
2022/7/26 11:45,0
2022/7/26 12:00,18681.58559
2022/7/26 12:15,2426.402992
2022/7/26 12:30,3902.754621
2022/7/26 12:45,1613.651221
2022/7/26 13:00,11344.90993
2022/7/26 13:15,10505.12309
2022/7/26 13:30,0
2022/7/26 13:45,0
2022/7/26 14:00,0
2022/7/26 14:15,0
2022/7/26 14:30,-382.7401243
2022/7/26 14:45,29767.96901
2022/7/26 15:00,18598.61745
2022/7/26 15:15,20960.11156
2022/7/26 15:30,20005.36813
2022/7/26 15:45,15468.5003
2022/7/26 16:00,15130.00811
2022/7/26 16:15,13492.48113
2022/7/26 16:30,9088.821473
2022/7/26 16:45,17680.59974
2022/7/26 17:00,9293.12491
2022/7/26 17:15,8844.730616
2022/7/26 17:30,17293.71129
2022/7/26 17:45,12105.06993
2022/7/26 18:00,0
2022/7/26 18:15,3877.345424
2022/7/26 18:30,17597.68047
2022/7/26 18:45,11812.68527
2022/7/26 19:00,0
2022/7/26 19:15,0
2022/7/26 19:30,0
2022/7/26 19:45,0
2022/7/26 20:00,0
2022/7/26 20:15,0
2022/7/26 20:30,0
2022/7/26 20:45,0
2022/7/26 21:00,0
2022/7/26 21:15,0
2022/7/26 21:30,0
2022/7/26 21:45,0
2022/7/26 22:00,0
2022/7/26 22:15,0
2022/7/26 22:30,0
2022/7/26 22:45,0
2022/7/26 23:00,0
2022/7/26 23:15,0
2022/7/26 23:30,0
2022/7/26 23:45,0
2022/7/27 0:00,0
2022/7/27 0:15,0
2022/7/27 0:30,0
2022/7/27 0:45,0
2022/7/27 1:00,0
2022/7/27 1:15,0
2022/7/27 1:30,0
2022/7/27 1:45,0
2022/7/27 2:00,0
2022/7/27 2:15,0
2022/7/27 2:30,0
2022/7/27 2:45,0
2022/7/27 3:00,0
2022/7/27 3:15,0
2022/7/27 3:30,0
2022/7/27 3:45,0
2022/7/27 4:00,0
2022/7/27 4:15,0
2022/7/27 4:30,0
2022/7/27 4:45,0
2022/7/27 5:00,0
2022/7/27 5:15,0
2022/7/27 5:30,0
2022/7/27 5:45,0
2022/7/27 6:00,0
2022/7/27 6:15,0
2022/7/27 6:30,0
2022/7/27 6:45,0
2022/7/27 7:00,0
2022/7/27 7:15,0
2022/7/27 7:30,0
2022/7/27 7:45,0
2022/7/27 8:00,0
2022/7/27 8:15,0
2022/7/27 8:30,0
2022/7/27 8:45,0
2022/7/27 9:00,0
2022/7/27 9:15,0
2022/7/27 9:30,0
2022/7/27 9:45,7852.093178
2022/7/27 10:00,24179.68198
2022/7/27 10:15,18669.84005
2022/7/27 10:30,4220.716189
2022/7/27 10:45,0
2022/7/27 11:00,0
2022/7/27 11:15,0
2022/7/27 11:30,0
2022/7/27 11:45,23755.01377
2022/7/27 12:00,0
2022/7/27 12:15,3570.989164
2022/7/27 12:30,17523.50425
2022/7/27 12:45,4855.759507
2022/7/27 13:00,1509.749462
2022/7/27 13:15,2829.369411
2022/7/27 13:30,13121.26052
2022/7/27 13:45,21866.65884
2022/7/27 14:00,19556.54583
2022/7/27 14:15,18117.54993
2022/7/27 14:30,13211.93376
2022/7/27 14:45,10850.07952
2022/7/27 15:00,16172.88956
2022/7/27 15:15,12091.85336
2022/7/27 15:30,14353.33766
2022/7/27 15:45,17139.66266
2022/7/27 16:00,15007.56195
2022/7/27 16:15,13121.08211
2022/7/27 16:30,14448.80203
2022/7/27 16:45,12418.52832
2022/7/27 17:00,13540.26542
2022/7/27 17:15,4555.185104
2022/7/27 17:30,0
2022/7/27 17:45,0
2022/7/27 18:00,0
2022/7/27 18:15,0
2022/7/27 18:30,0
2022/7/27 18:45,0
2022/7/27 19:00,0
2022/7/27 19:15,0
2022/7/27 19:30,0
2022/7/27 19:45,0
2022/7/27 20:00,0
2022/7/27 20:15,0
2022/7/27 20:30,0
2022/7/27 20:45,0
2022/7/27 21:00,0
2022/7/27 21:15,0
2022/7/27 21:30,0
2022/7/27 21:45,0
2022/7/27 22:00,0
2022/7/27 22:15,0
2022/7/27 22:30,0
2022/7/27 22:45,0
2022/7/27 23:00,0
2022/7/27 23:15,0
2022/7/27 23:30,0
2022/7/27 23:45,0
2022/7/28 0:00,52761.50613
2022/7/28 0:15,57803.82937
2022/7/28 0:30,47327.73746
2022/7/28 0:45,30390.06894
2022/7/28 1:00,34619.4383
2022/7/28 1:15,30709.46647
2022/7/28 1:30,29368.52431
2022/7/28 1:45,30897.34877
2022/7/28 2:00,33671.77891
2022/7/28 2:15,36155.63469
2022/7/28 2:30,28912.96656
2022/7/28 2:45,31164.23098
2022/7/28 3:00,29883.68807
2022/7/28 3:15,29144.95496
2022/7/28 3:30,28837.17526
2022/7/28 3:45,23755.81542
2022/7/28 4:00,21495.98744
2022/7/28 4:15,25993.69688
2022/7/28 4:30,31702.54655
2022/7/28 4:45,23181.82587
2022/7/28 5:00,31335.74295
2022/7/28 5:15,22907.45604
2022/7/28 5:30,25277.04999
2022/7/28 5:45,20126.88954
2022/7/28 6:00,29529.35808
2022/7/28 6:15,25998.45098
2022/7/28 6:30,24110.98131
2022/7/28 6:45,26124.3629
2022/7/28 7:00,21434.45376
2022/7/28 7:15,22601.27588
2022/7/28 7:30,27615.81857
2022/7/28 7:45,24095.73661
2022/7/28 8:00,29586.81079
2022/7/28 8:15,35013.29192
2022/7/28 8:30,30458.70193
2022/7/28 8:45,31379.00042
2022/7/28 9:00,35047.17574
2022/7/28 9:15,37966.24516
2022/7/28 9:30,40102.46603
2022/7/28 9:45,41610.83506
2022/7/28 10:00,40051.32293
2022/7/28 10:15,38666.99192
2022/7/28 10:30,33639.54184
2022/7/28 10:45,39236.47232
2022/7/28 11:00,35247.99908
2022/7/28 11:15,30211.98606
2022/7/28 11:30,32734.86702
2022/7/28 11:45,37043.30021
2022/7/28 12:00,29898.89268
2022/7/28 12:15,19291.20164
2022/7/28 12:30,28764.03729
2022/7/28 12:45,24431.40975
2022/7/28 13:00,32375.5436
2022/7/28 13:15,32181.70912
2022/7/28 13:30,29632.26804
2022/7/28 13:45,32833.2359
2022/7/28 14:00,37004.83254
2022/7/28 14:15,35684.15011
2022/7/28 14:30,30944.88897
2022/7/28 14:45,28452.17606
2022/7/28 15:00,33308.91635
2022/7/28 15:15,37518.42585
2022/7/28 15:30,39590.59984
2022/7/28 15:45,37011.50024
2022/7/28 16:00,30907.95281
2022/7/28 16:15,34707.88414
2022/7/28 16:30,30791.78447
2022/7/28 16:45,28559.22878
2022/7/28 17:00,29999.92723
2022/7/28 17:15,30333.23641
2022/7/28 17:30,27629.77594
2022/7/28 17:45,30407.54133
2022/7/28 18:15,6593.873904
2022/7/28 18:30,0
2022/7/28 18:45,0
2022/7/28 19:15,0
2022/7/28 19:30,0
2022/7/28 19:45,0
2022/7/28 20:00,0
2022/7/28 20:15,0
2022/7/28 20:30,0
2022/7/28 20:45,0
2022/7/28 21:00,0
2022/7/28 21:15,0
2022/7/28 21:30,0
2022/7/28 21:45,0
2022/7/28 22:00,0
2022/7/28 22:15,0
2022/7/28 22:30,0
2022/7/28 22:45,0
2022/7/28 23:00,0
2022/7/28 23:15,0
2022/7/28 23:30,0
2022/7/28 23:45,0
2022/7/29 0:00,52511.24267
2022/7/29 0:15,50000.46827
2022/7/29 0:30,39780.55753
2022/7/29 0:45,38489.76789
2022/7/29 1:00,34897.9107
2022/7/29 1:15,34490.71921
2022/7/29 1:30,32812.77305
2022/7/29 1:45,30400.29521
2022/7/29 2:00,27146.9933
2022/7/29 2:15,35438.0656
2022/7/29 2:30,26823.01948
2022/7/29 16:15,29288.81773
2022/7/29 16:30,27754.56754
2022/7/29 16:45,32032.03893
2022/7/29 17:00,25223.22301
2022/7/29 17:15,26239.86522
2022/7/29 17:30,25213.08136
2022/7/29 17:45,26127.23585
2022/7/29 18:00,25966.54867
2022/7/29 18:15,23714.11128
2022/7/29 18:30,24889.17683
2022/7/29 18:45,26266.54234
2022/7/29 19:00,8955.342075
2022/7/29 19:15,22131.79073
2022/7/29 19:30,4775.019485
2022/7/29 19:45,1831.190153
2022/7/29 20:00,2053.877904
2022/7/29 20:15,4970.035729
2022/7/29 21:30,0
2022/7/29 21:45,0
2022/7/29 22:00,0
2022/7/29 22:15,0
2022/7/29 22:30,0
2022/7/29 22:45,0
2022/7/29 23:00,0
2022/7/29 23:15,0
2022/7/29 23:30,0
2022/7/29 23:45,0
2022/7/30 0:00,51395.50344
2022/7/30 0:15,48889.44914
2022/7/30 0:30,38620.69302
2022/7/30 0:45,27711.8923
2022/7/30 1:00,30741.34964
2022/7/30 1:15,26350.0588
2022/7/30 1:30,24875.81634
2022/7/30 1:45,28458.43977
2022/7/30 2:00,29872.10915
2022/7/30 2:15,27920.97815
2022/7/30 2:30,24429.97776
2022/7/30 2:45,24874.76127
2022/7/30 3:00,24199.65676
2022/7/30 3:15,31753.07918
2022/7/30 3:30,17311.27478
2022/7/30 3:45,23848.14413
2022/7/30 4:00,23549.76244
2022/7/30 4:15,18208.40783
2022/7/30 4:30,20893.97485
2022/7/30 4:45,34928.16218
2022/7/30 5:00,20957.80854
2022/7/30 5:15,24932.13896
2022/7/30 5:30,23264.45061
2022/7/30 5:45,20563.21177
2022/7/30 6:00,29565.05588
2022/7/30 6:15,22751.29448
2022/7/30 6:30,22915.43885
2022/7/30 6:45,24841.96662
2022/7/30 7:00,25309.25238
2022/7/30 7:15,23438.65697
2022/7/30 7:30,23577.77414
2022/7/30 7:45,29295.08035
2022/7/30 8:00,25760.45257
2022/7/30 8:15,23792.03757
2022/7/30 8:30,25175.21944
2022/7/30 8:45,24196.89312
2022/7/30 9:00,23163.77402
2022/7/30 9:15,25529.04078
2022/7/30 9:30,25169.68996
2022/7/30 9:45,24097.18041
2022/7/30 10:00,31678.20159
2022/7/30 10:15,25820.09337
2022/7/30 10:30,20079.3849
2022/7/30 10:45,31568.64081
2022/7/30 11:00,30812.54575
2022/7/30 11:15,31459.13556
2022/7/30 11:30,24807.02937
2022/7/30 11:45,29891.68924
2022/7/30 12:00,29484.67953
2022/7/30 12:15,28851.73325
2022/7/30 12:30,30917.23517
2022/7/30 12:45,23169.66102
2022/7/30 13:00,22533.75577
2022/7/30 13:15,20944.2453
2022/7/30 13:30,18608.72906
2022/7/30 13:45,19598.55506
2022/7/30 14:00,22703.18183
2022/7/30 14:15,18297.69621
2022/7/30 14:30,18565.4798
2022/7/30 14:45,21031.14937
2022/7/30 15:00,12656.21402
2022/7/30 15:15,16817.20318
2022/7/30 15:30,14491.88934
2022/7/30 15:45,12674.78828
2022/7/30 16:00,13318.88753
2022/7/30 16:15,15017.9293
2022/7/30 16:30,16033.39226
2022/7/30 16:45,14942.46392
2022/7/30 17:00,14602.83591
2022/7/30 17:15,14548.63913
2022/7/30 17:30,17604.64101
2022/7/30 17:45,13217.96775
2022/7/30 18:00,14099.31439
2022/7/30 18:15,16527.19059
2022/7/30 18:30,16877.13644
2022/7/30 18:45,14063.87512
2022/7/30 19:00,1498.911904
2022/7/30 19:15,0
2022/7/30 19:30,0
2022/7/30 19:45,0
2022/7/30 20:00,0
2022/7/30 20:15,0
2022/7/30 20:30,0
2022/7/30 20:45,0
2022/7/30 21:00,0
2022/7/30 21:15,0
2022/7/30 21:30,0
2022/7/30 21:45,0
2022/7/30 22:00,0
2022/7/30 22:15,0
2022/7/30 22:30,0
2022/7/30 22:45,0
2022/7/30 23:00,0
2022/7/30 23:15,0
2022/7/30 23:30,0
2022/7/30 23:45,0
2022/7/31 0:00,39810.3562
2022/7/31 0:15,26589.99356
2022/7/31 0:30,23066.69455
2022/7/31 0:45,21021.87364
2022/7/31 1:00,16100.1577
2022/7/31 1:15,15454.52961
2022/7/31 1:30,22822.92162
2022/7/31 1:45,19524.41009
2022/7/31 2:00,15411.97501
2022/7/31 2:15,14054.39479
2022/7/31 2:30,16761.14684
2022/7/31 2:45,18135.11632
2022/7/31 3:00,22696.37671
2022/7/31 3:15,15913.26067
2022/7/31 3:30,14886.4448
2022/7/31 3:45,17409.90184
2022/7/31 4:00,15930.88173
2022/7/31 4:15,20540.27218
2022/7/31 4:30,16859.83437
2022/7/31 4:45,19181.48159
2022/7/31 5:00,18786.75059
2022/7/31 5:15,18546.71116
2022/7/31 5:30,19819.52817
2022/7/31 5:45,20682.38084
2022/7/31 6:00,21955.12207
2022/7/31 6:15,18328.52377
2022/7/31 6:30,20362.16907
2022/7/31 6:45,16769.15617
2022/7/31 7:00,19620.08822
2022/7/31 7:15,14285.84926
2022/7/31 7:30,21411.39288
2022/7/31 7:45,16874.70086
2022/7/31 8:00,15433.28321
2022/7/31 8:15,17644.93797
2022/7/31 8:30,19288.57524
2022/7/31 8:45,15597.39383
2022/7/31 9:00,22266.70128
2022/7/31 9:15,13425.46941
2022/7/31 9:30,14168.6516
2022/7/31 9:45,15332.07295
2022/7/31 10:00,15729.71275
2022/7/31 10:15,16451.89931
2022/7/31 10:30,20943.89321
2022/7/31 10:45,14261.71723
2022/7/31 11:00,17068.65871
2022/7/31 11:15,21439.39731
2022/7/31 11:30,20239.19035
2022/7/31 11:45,16174.48437
2022/7/31 12:00,16844.38672
2022/7/31 12:15,27084.57223
2022/7/31 12:30,17002.68893
2022/7/31 12:45,19525.34708
2022/7/31 13:00,20117.67662
2022/7/31 13:15,21630.90655
2022/7/31 13:30,18926.76436
2022/7/31 13:45,23128.9878
2022/7/31 14:00,18564.90027
2022/7/31 14:15,13582.08907
2022/7/31 14:30,19203.99752
2022/7/31 14:45,15819.38539
2022/7/31 15:00,23211.19005
2022/7/31 15:15,20420.0266
2022/7/31 15:30,18159.99731
2022/7/31 15:45,17096.36397
2022/7/31 16:00,17534.07817
2022/7/31 16:15,22298.82488
2022/7/31 16:30,21187.10722
2022/7/31 16:45,14517.99993
2022/7/31 17:00,22863.04507
2022/7/31 17:15,19622.63879
2022/7/31 17:30,16730.7723
2022/7/31 17:45,21882.76325
2022/7/31 18:00,18886.51649
2022/7/31 18:15,17502.09728
2022/7/31 18:30,18749.3264
2022/7/31 18:45,14593.06262
2022/7/31 19:00,0
2022/7/31 19:15,0
2022/7/31 19:30,0
2022/7/31 19:45,0
2022/7/31 20:00,0
2022/7/31 20:15,0
2022/7/31 20:30,0
2022/7/31 20:45,0
2022/7/31 21:00,0
2022/7/31 21:15,0
2022/7/31 21:30,0
2022/7/31 21:45,0
2022/7/31 22:00,0
2022/7/31 22:15,0
2022/7/31 22:30,0
2022/7/31 22:45,0
2022/7/31 23:00,0
2022/7/31 23:15,0
2022/7/31 23:30,0
2022/7/31 23:45,0
2022/8/1 0:00,0
2022/8/1 0:15,0
2022/8/1 0:30,0
2022/8/1 0:45,0
2022/8/1 1:00,0
2022/8/1 1:15,0
2022/8/1 1:30,0
2022/8/1 1:45,0
2022/8/1 2:00,0
2022/8/1 2:15,0
2022/8/1 2:30,0
2022/8/1 2:45,0
2022/8/1 3:00,0
2022/8/1 3:15,0
2022/8/1 3:30,0
2022/8/1 3:45,0
2022/8/1 4:00,0
2022/8/1 4:15,0
2022/8/1 4:30,0
2022/8/1 4:45,0
2022/8/1 5:00,0
2022/8/1 5:15,0
2022/8/1 5:30,0
2022/8/1 5:45,0
2022/8/1 6:00,0
2022/8/1 6:15,0
2022/8/1 6:30,0
2022/8/1 6:45,0
2022/8/1 7:00,0
2022/8/1 7:15,0
2022/8/1 7:30,0
2022/8/1 7:45,0
2022/9/9 8:00,0
2022/9/9 8:15,7949.746722
2022/9/9 8:30,-421.535959
2022/9/9 8:45,12524.54065
2022/9/9 9:00,17501.1422
2022/9/9 9:15,11476.84275
2022/9/9 9:30,7945.551609
2022/9/9 9:45,1652.268801
2022/9/9 10:00,-2735.557284
2022/9/9 10:15,-4045.317619
2022/9/9 10:30,1193.797791
2022/9/9 10:45,828.1914503
2022/9/9 11:00,10470.91716
2022/9/9 11:15,9073.393389
2022/9/9 11:30,13552.78799
2022/9/9 11:45,19024.01283
2022/9/9 12:00,13334.6867
2022/9/9 12:15,15538.26643
2022/9/9 12:30,10722.14302
2022/9/9 12:45,7486.582032
2022/9/9 13:00,1648.150992
2022/9/9 13:15,10162.088
2022/9/9 13:30,13854.51999
2022/9/9 13:45,12913.42546
2022/9/9 14:00,7492.027781
2022/9/9 14:15,-790.1464812
2022/9/9 14:30,-934.2411264
2022/9/9 14:45,1072.821636
2022/9/9 15:00,2764.698151
2022/9/9 15:15,3116.51732
2022/9/9 15:30,23015.30253
2022/9/9 15:45,11210.22253
2022/9/9 16:00,7073.212211
2022/9/9 16:15,12144.62593
2022/9/9 16:30,-693.7505952
2022/9/9 16:45,0
2022/9/9 17:00,0
2022/9/9 17:15,0
2022/9/9 17:30,0
2022/9/9 17:45,0
2022/9/9 18:00,0
2022/9/9 18:15,0
2022/9/9 18:30,0
2022/9/9 18:45,0
2022/9/9 19:00,0
2022/9/9 19:15,0
2022/9/9 19:30,0
2022/9/9 19:45,0
2022/9/9 20:00,0
2022/9/9 20:15,0
2022/9/9 20:30,0
2022/9/9 20:45,0
2022/9/9 21:00,0
2022/9/9 21:15,0
2022/9/9 21:30,0
2022/9/9 21:45,0
2022/9/9 22:00,0
2022/9/9 22:15,0
2022/9/9 22:30,0
2022/9/9 22:45,0
2022/9/9 23:00,0
2022/9/9 23:15,0
2022/9/9 23:30,0
2022/9/9 23:45,0
2022/9/10 0:00,0
2022/9/10 0:15,0
2022/9/10 0:30,0
2022/9/10 0:45,0
2022/9/10 1:00,0
2022/9/10 1:15,0
2022/9/10 1:30,0
2022/9/10 1:45,0
2022/9/10 2:00,0
2022/9/10 2:15,0
2022/9/10 2:30,0
2022/9/10 2:45,0
2022/9/10 3:00,0
2022/9/10 3:15,0
2022/9/10 3:30,0
2022/9/10 3:45,0
2022/9/10 4:00,0
2022/9/10 4:15,0
2022/9/10 4:30,0
2022/9/10 4:45,0
2022/9/10 5:00,0
2022/9/10 5:15,0
2022/9/10 5:30,0
2022/9/10 5:45,0
2022/9/10 6:00,0
2022/9/10 6:15,0
2022/9/10 6:30,0
2022/9/10 6:45,0
2022/9/10 7:00,0
2022/9/10 7:15,0
2022/9/10 7:30,0
2022/9/10 7:45,0
2022/9/10 8:00,0
2022/9/10 8:15,0
2022/9/10 8:30,0
2022/9/10 8:45,0
2022/9/10 9:00,0
2022/9/10 9:15,0
2022/9/10 9:30,0
2022/9/10 9:45,0
2022/9/10 10:00,0
2022/9/10 10:15,0
2022/9/10 10:30,0
2022/9/10 10:45,0
2022/9/10 11:00,0
2022/9/10 11:15,0
2022/9/10 11:30,0
2022/9/10 11:45,0
2022/9/10 12:00,0
2022/9/10 12:15,0
2022/9/10 12:30,0
2022/9/10 12:45,0
2022/9/10 13:00,0
2022/9/10 13:15,0
2022/9/10 13:30,0
2022/9/10 13:45,0
2022/9/10 14:00,0
2022/9/10 14:15,0
2022/9/10 14:30,0
2022/9/10 14:45,0
2022/9/10 15:00,0
2022/9/10 15:15,0
2022/9/10 15:30,0
2022/9/10 15:45,0
2022/9/10 16:00,0
2022/9/10 16:15,0
2022/9/10 16:30,0
2022/9/10 16:45,0
2022/9/10 17:00,0
2022/9/10 17:15,0
2022/9/10 17:30,0
2022/9/10 17:45,0
2022/9/10 18:00,0
2022/9/10 18:15,0
2022/9/10 18:30,0
2022/9/10 18:45,0
2022/9/10 19:00,0
2022/9/10 19:15,0
2022/9/10 19:30,0
2022/9/10 19:45,0
2022/9/10 20:00,0
2022/9/10 20:15,0
2022/9/10 20:30,0
2022/9/10 20:45,0
2022/9/10 21:00,0
2022/9/10 21:15,0
2022/9/10 21:30,0
2022/9/10 21:45,0
2022/9/10 22:00,0
2022/9/10 22:15,0
2022/9/10 22:30,0
2022/9/10 22:45,0
2022/9/10 23:00,0
2022/9/10 23:15,0
2022/9/10 23:30,0
2022/9/10 23:45,0
2022/9/11 0:00,0
2022/9/11 0:15,0
2022/9/11 0:30,0
2022/9/11 0:45,0
2022/9/11 1:00,0
2022/9/11 1:15,0
2022/9/11 1:30,0
2022/9/11 1:45,0
2022/9/11 2:00,0
2022/9/11 2:15,0
2022/9/11 2:30,0
2022/9/11 2:45,0
2022/9/11 3:00,0
2022/9/11 3:15,0
2022/9/11 3:30,0
2022/9/11 3:45,0
2022/9/11 4:00,0
2022/9/11 4:15,0
2022/9/11 4:30,0
2022/9/11 4:45,0
2022/9/11 5:00,0
2022/9/11 5:15,0
2022/9/11 5:30,0
2022/9/11 5:45,0
2022/9/11 6:00,0
2022/9/11 6:15,0
2022/9/11 6:30,0
2022/9/11 6:45,0
2022/9/11 7:00,0
2022/9/11 7:15,0
2022/9/11 7:30,0
2022/9/11 7:45,0
2022/9/11 8:00,0
2022/9/11 8:15,0
2022/9/11 8:30,0
2022/9/11 8:45,0
2022/9/11 9:00,0
2022/9/11 9:15,0
2022/9/11 9:30,0
2022/9/11 9:45,0
2022/9/11 10:00,0
2022/9/11 10:15,0
2022/9/11 10:30,0
2022/9/11 10:45,0
2022/9/11 11:00,0
2022/9/11 11:15,0
2022/9/11 11:30,0
2022/9/11 11:45,0
2022/9/11 12:00,0
2022/9/11 12:15,0
2022/9/11 12:30,0
2022/9/11 12:45,0
2022/9/11 13:00,0
2022/9/11 13:15,0
2022/9/11 13:30,0
2022/9/11 13:45,0
2022/9/11 14:00,0
2022/9/11 14:15,0
2022/9/11 14:30,0
2022/9/11 14:45,0
2022/9/11 15:00,0
2022/9/11 15:15,0
2022/9/11 15:30,0
2022/9/11 15:45,0
2022/9/11 16:00,0
2022/9/11 16:15,0
2022/9/11 16:30,0
2022/9/11 16:45,0
2022/9/11 17:00,0
2022/9/11 17:15,0
2022/9/11 17:30,0
2022/9/11 17:45,0
2022/9/11 18:00,0
2022/9/11 18:15,0
2022/9/11 18:30,0
2022/9/11 18:45,0
2022/9/11 19:00,0
2022/9/11 19:15,0
2022/9/11 19:30,0
2022/9/11 19:45,0
2022/9/11 20:00,0
2022/9/11 20:15,0
2022/9/11 20:30,0
2022/9/11 20:45,0
2022/9/11 21:00,0
2022/9/11 21:15,0
2022/9/11 21:30,0
2022/9/11 21:45,0
2022/9/11 22:00,0
2022/9/11 22:15,0
2022/9/11 22:30,0
2022/9/11 22:45,0
2022/9/11 23:00,0
2022/9/11 23:15,0
2022/9/11 23:30,0
2022/9/11 23:45,0
2022/9/12 0:00,0
2022/9/12 0:15,0
2022/9/12 0:30,0
2022/9/12 0:45,0
2022/9/12 1:00,0
2022/9/12 1:15,0
2022/9/12 1:30,0
2022/9/12 1:45,0
2022/9/12 2:00,0
2022/9/12 2:15,0
2022/9/12 2:30,0
2022/9/12 2:45,0
2022/9/12 3:00,0
2022/9/12 3:15,0
2022/9/12 3:30,0
2022/9/12 3:45,0
2022/9/12 4:00,0
2022/9/12 4:15,0
2022/9/12 4:30,0
2022/9/12 4:45,0
2022/9/12 5:00,0
2022/9/12 5:15,0
2022/9/12 5:30,0
2022/9/12 5:45,0
2022/9/12 6:00,0
2022/9/12 6:15,0
2022/9/12 6:30,0
2022/9/12 6:45,0
2022/9/12 7:00,0
2022/9/12 7:15,0
2022/9/12 7:30,0
2022/9/12 7:45,0
2022/9/12 8:00,0
2022/9/12 8:15,0
2022/9/12 8:30,5701.359297
2022/9/12 8:45,10565.39322
2022/9/12 9:00,0
2022/9/12 9:15,0
2022/9/12 9:30,0
2022/9/12 9:45,0
2022/9/12 10:00,0
2022/9/12 10:15,0
2022/9/12 10:30,0
2022/9/12 10:45,0
2022/9/12 11:00,0
2022/9/12 11:15,0
2022/9/12 11:30,0
2022/9/12 11:45,0
2022/9/12 12:00,0
2022/9/12 12:15,0
2022/9/12 12:30,0
2022/9/12 12:45,0
2022/9/12 13:00,0
2022/9/12 13:15,0
2022/9/12 13:30,0
2022/9/12 13:45,0
2022/9/12 14:00,0
2022/9/12 14:15,0
2022/9/12 14:30,0
2022/9/12 14:45,0
2022/9/12 15:00,0
2022/9/12 15:15,0
2022/9/12 15:30,0
2022/9/12 15:45,0
2022/9/12 16:00,0
2022/9/12 16:15,0
2022/9/12 16:30,0
2022/9/12 16:45,0
2022/9/12 17:00,0
2022/9/12 17:15,0
2022/9/12 17:30,0
2022/9/12 17:45,0
2022/9/12 18:00,0
2022/9/12 18:15,0
2022/9/12 18:30,0
2022/9/12 18:45,0
2022/9/12 19:00,0
2022/9/12 19:15,0
2022/9/12 19:30,0
2022/9/12 19:45,0
2022/9/12 20:00,0
2022/9/12 20:15,0
2022/9/12 20:30,0
2022/9/12 20:45,0
2022/9/12 21:15,0
2022/9/12 21:30,0
2022/9/12 21:45,0
2022/9/12 22:00,0
2022/9/12 22:15,0
2022/9/12 22:30,0
2022/9/12 22:45,0
2022/9/12 23:00,0
2022/9/12 23:15,0
2022/9/12 23:30,0
2022/9/12 23:45,0
2022/9/13 0:00,0
2022/9/13 0:15,0
2022/9/13 0:30,0
2022/9/13 0:45,0
2022/9/13 1:00,0
2022/9/13 1:15,0
2022/9/13 1:30,0
2022/9/13 1:45,0
2022/9/13 2:00,0
2022/9/13 2:15,0
2022/9/13 2:30,0
2022/9/13 2:45,0
2022/9/13 3:00,0
2022/9/13 3:15,0
2022/9/13 3:30,0
2022/9/13 3:45,0
2022/9/13 4:00,0
2022/9/13 4:15,0
2022/9/13 4:30,0
2022/9/13 4:45,0
2022/9/13 5:00,0
2022/9/13 5:15,0
2022/9/13 5:30,0
2022/9/13 5:45,0
2022/9/13 6:00,0
2022/9/13 6:15,0
2022/9/13 6:30,0
2022/9/13 6:45,0
2022/9/13 7:00,0
2022/9/13 7:15,0
2022/9/13 7:30,0
2022/9/13 7:45,0
2022/9/13 8:00,0
2022/9/13 8:15,0
2022/9/13 8:30,0
2022/9/13 8:45,0
2022/9/13 9:00,0
2022/9/13 9:15,0
2022/9/13 9:30,0
2022/9/13 9:45,0
2022/9/13 10:00,0
2022/9/13 10:15,0
2022/9/13 10:30,0
2022/9/13 10:45,-724.1789371
2022/9/13 11:00,0
2022/9/13 11:15,0
2022/9/13 11:30,0
2022/9/13 11:45,19785.28729
2022/9/13 12:00,8782.383828
2022/9/13 12:15,20615.03557
2022/9/13 12:30,9601.946931
2022/9/13 12:45,0
2022/9/13 13:00,0
2022/9/13 13:15,0
2022/9/13 13:30,0
2022/9/13 13:45,0
2022/9/13 14:00,0
2022/9/13 14:15,0
2022/9/13 14:30,0
2022/9/13 14:45,0
2022/9/13 15:00,0
2022/9/13 15:15,0
2022/9/13 15:30,11033.76179
2022/9/13 15:45,24882.51015
2022/9/13 16:00,19252.40784
2022/9/13 16:15,21407.43853
2022/9/13 16:30,18315.82546
2022/9/13 16:45,10031.18415
2022/9/13 17:00,0
2022/9/13 17:15,0
2022/9/13 17:30,0
2022/9/13 17:45,0
2022/9/13 18:00,0
2022/9/13 18:15,0
2022/9/13 18:30,0
2022/9/13 18:45,4513.378654
2022/9/13 19:00,2682.499152
2022/9/13 19:15,0
2022/9/13 19:30,0
2022/9/13 19:45,0
2022/9/13 20:00,0
2022/9/13 20:15,0
2022/9/13 20:30,0
2022/9/13 20:45,0
2022/9/13 21:00,0
2022/9/13 21:15,0
2022/9/13 21:30,0
2022/9/13 21:45,0
2022/9/13 22:00,0
2022/9/13 22:15,0
2022/9/13 22:30,0
2022/9/13 22:45,0
2022/9/13 23:00,0
2022/9/13 23:15,0
2022/9/13 23:30,0
2022/9/13 23:45,0
2022/9/14 0:00,0
2022/9/14 0:15,0
2022/9/14 0:30,0
2022/9/14 0:45,0
2022/9/14 1:00,0
2022/9/14 1:15,0
2022/9/14 1:30,0
2022/9/14 1:45,0
2022/9/14 2:00,0
2022/9/14 2:15,0
2022/9/14 2:30,0
2022/9/14 2:45,0
2022/9/14 3:00,0
2022/9/14 3:15,0
2022/9/14 3:30,0
2022/9/14 3:45,0
2022/9/14 4:00,0
2022/9/14 4:15,0
2022/9/14 4:30,0
2022/9/14 4:45,0
2022/9/14 5:00,0
2022/9/14 5:15,0
2022/9/14 5:30,0
2022/9/14 5:45,0
2022/9/14 6:00,0
2022/9/14 6:15,0
2022/9/14 6:30,0
2022/9/14 6:45,0
2022/9/14 7:00,0
2022/9/14 7:15,0
2022/9/14 7:30,0
2022/9/14 7:45,
2022/9/14 8:00,19024.92916
2022/9/14 8:15,7739.227209
2022/9/14 8:30,11733.98396
2022/9/14 8:45,0
2022/9/14 9:00,0
2022/9/14 9:15,2849.105462
2022/9/14 9:30,11441.74534
2022/9/14 9:45,11003.29207
2022/9/14 10:00,13471.33305
2022/9/14 10:15,13932.96484
2022/9/14 10:30,13590.58087
2022/9/14 10:45,13568.36685
2022/9/14 11:00,14225.54994
2022/9/14 11:15,13269.63543
2022/9/14 11:30,13733.19475
2022/9/14 11:45,14941.70981
2022/9/14 12:00,10990.15426
2022/9/14 12:15,14134.51187
2022/9/14 12:30,13122.63075
2022/9/14 12:45,14077.80414
2022/9/14 13:00,1809.581953
2022/9/14 13:15,-945.6321207
2022/9/14 13:30,-7631.5859
2022/9/14 13:45,-9103.29884
2022/9/14 14:00,-7935.86554
2022/9/14 14:15,-2072.63378
2022/9/14 14:30,-3943.393014
2022/9/14 14:45,1368.041339
2022/9/14 15:00,6257.112415
2022/9/14 15:15,12705.25298
2022/9/14 15:30,11709.63955
2022/9/14 15:45,14498.52351
2022/9/14 16:00,10437.8081
2022/9/14 16:15,12938.71604
2022/9/14 16:30,15310.08315
2022/9/14 16:45,13748.85866
2022/9/14 17:00,-3997.671056
2022/9/14 17:15,-10624.28878
2022/9/14 17:30,-5975.59893
2022/9/14 17:45,-4202.6054
2022/9/14 18:00,-7963.253625
2022/9/14 18:15,-8628.617822
2022/9/14 18:30,-9020.362136
2022/9/14 18:45,9606.652254
2022/9/14 19:00,10851.2105
2022/9/14 19:15,18535.68976
2022/9/14 19:30,9410.889129
2022/9/14 19:45,18048.54197
2022/9/14 20:00,7498.494429
2022/9/14 20:15,7962.29264
2022/9/14 20:30,16281.12854
2022/9/14 20:45,0
2022/9/14 21:00,0
2022/9/14 21:15,0
2022/9/14 21:30,0
2022/9/14 21:45,0
2022/9/14 22:00,0
2022/9/14 22:15,0
2022/9/14 22:30,0
2022/9/14 22:45,0
2022/9/14 23:00,0
2022/9/14 23:15,0
2022/9/14 23:30,0
2022/9/14 23:45,0
2022/9/15 0:00,0
2022/9/15 0:15,0
2022/9/15 0:30,0
2022/9/15 0:45,0
2022/9/15 1:00,0
2022/9/15 1:15,0
2022/9/15 1:30,0
2022/9/15 1:45,0
2022/9/15 2:00,0
2022/9/15 2:15,0
2022/9/15 2:30,0
2022/9/15 2:45,0
2022/9/15 3:00,0
2022/9/15 3:15,0
2022/9/15 3:30,0
2022/9/15 3:45,0
2022/9/15 4:00,0
2022/9/15 4:15,0
2022/9/15 4:30,0
2022/9/15 4:45,0
2022/9/15 5:00,0
2022/9/15 5:15,0
2022/9/15 5:30,0
2022/9/15 5:45,0
2022/9/15 6:00,0
2022/9/15 6:15,0
2022/9/15 6:30,0
2022/9/15 6:45,0
2022/9/15 7:00,0
2022/9/15 7:15,0
2022/9/15 7:30,0
2022/9/15 7:45,0
2022/9/15 8:00,11987.05429
2022/9/15 8:15,0
2022/9/15 8:30,16891.13483
2022/9/15 8:45,5858.698839
2022/9/15 9:00,0
2022/9/15 9:15,0
2022/9/15 9:30,0
2022/9/15 9:45,14362.9476
2022/9/15 10:00,11187.30468
2022/9/15 10:15,9608.788538
2022/9/15 10:30,9839.154288
2022/9/15 10:45,13046.69113
2022/9/15 11:00,10818.5834
2022/9/15 11:15,6616.211453
2022/9/15 11:30,16609.71132
2022/9/15 11:45,0
2022/9/15 12:00,0
2022/9/15 12:15,0
2022/9/15 12:30,13738.98411
2022/9/15 12:45,6353.974217
2022/9/15 13:00,7194.494988
2022/9/15 13:15,3911.08116
2022/9/15 13:30,-487.6489544
2022/9/15 13:45,0
2022/9/15 14:00,16073.42725
2022/9/15 14:15,12076.3701
2022/9/15 14:30,7418.155169
2022/9/15 14:45,5871.972699
2022/9/15 15:00,17849.20879
2022/9/15 15:15,16723.06824
2022/9/15 15:30,6905.666226
2022/9/15 15:45,20571.89844
2022/9/15 16:00,9488.73457
2022/9/15 16:15,8891.875171
2022/9/15 16:30,13835.38309
2022/9/15 16:45,3318.834467
2022/9/15 17:00,0
2022/9/15 17:15,0
2022/9/15 17:30,0
2022/9/15 17:45,0
2022/9/15 18:00,0
2022/9/15 18:15,0
2022/9/15 18:30,0
2022/9/15 18:45,0
2022/9/15 19:00,0
2022/9/15 19:15,0
2022/9/15 19:30,0
2022/9/15 19:45,0
2022/9/15 20:00,0
2022/9/15 20:15,0
2022/9/15 20:30,0
2022/9/15 20:45,0
2022/9/15 21:00,0
2022/9/15 21:15,0
2022/9/15 21:30,0
2022/9/15 21:45,0
2022/9/15 22:00,0
2022/9/15 22:15,0
2022/9/15 22:30,0
2022/9/15 22:45,0
2022/9/15 23:00,0
2022/9/15 23:15,0
2022/9/15 23:30,0
2022/9/15 23:45,0
2022/9/16 0:00,0
2022/9/16 0:15,0
2022/9/16 0:30,0
2022/9/16 0:45,0
2022/9/16 1:00,0
2022/9/16 1:15,0
2022/9/16 1:30,0
2022/9/16 1:45,0
2022/9/16 2:00,0
2022/9/16 2:15,0
2022/9/16 2:30,0
2022/9/16 2:45,0
2022/9/16 3:00,0
2022/9/16 3:15,0
2022/9/16 3:30,0
2022/9/16 3:45,0
2022/9/16 4:00,0
2022/9/16 4:15,0
2022/9/16 4:30,0
2022/9/16 4:45,0
2022/9/16 5:00,0
2022/9/16 5:15,0
2022/9/16 5:30,0
2022/9/16 5:45,0
2022/9/16 6:00,0
2022/9/16 6:15,0
2022/9/16 6:30,0
2022/9/16 6:45,0
2022/9/16 7:00,0
2022/9/16 7:15,10856.80154
2022/9/16 7:30,716.1376351
2022/9/16 7:45,-3895.411543
2022/9/16 8:00,-7861.489494
2022/9/16 8:15,-5301.606801
2022/9/16 8:30,4024.006377
2022/9/16 8:45,268.5317923
2022/9/16 9:00,9386.257986
2022/9/16 9:15,26003.74443
2022/9/16 9:30,32342.61258
2022/9/16 9:45,28599.29997
2022/9/16 10:00,20408.28519
2022/9/16 10:15,53655.15546
2022/9/16 10:30,58491.95602
2022/9/16 10:45,47670.51813
2022/9/16 11:00,45045.4486
2022/9/16 11:15,43724.06086
2022/9/16 11:30,49787.64452
2022/9/16 11:45,40055.10867
2022/9/16 12:00,39112.84958
2022/9/16 12:15,30320.52668
2022/9/16 12:30,33149.89331
2022/9/16 12:45,44313.569
2022/9/16 13:00,49438.7688
2022/9/16 13:15,30276.04792
2022/9/16 13:30,30151.95128
2022/9/16 13:45,42220.12075
2022/9/16 14:00,37506.82837
2022/9/16 14:15,26983.09641
2022/9/16 14:30,26632.70373
2022/9/16 14:45,27849.50498
2022/9/16 15:00,27214.29137
2022/9/16 15:15,23051.06731
2022/9/16 15:30,12974.80764
2022/9/16 15:45,16820.04813
2022/9/16 16:00,20945.00981
2022/9/16 16:30,23515.99254
2022/9/16 16:45,19243.62563
2022/9/16 17:00,23915.17839
2022/9/16 17:15,20658.19373
2022/9/16 17:30,16847.75293
2022/9/16 17:45,22644.73073
2022/9/16 18:00,20783.52681
2022/9/16 18:15,20542.25517
2022/9/16 18:30,22494.74125
2022/9/16 18:45,19546.94747
2022/9/16 19:00,0
2022/9/16 19:15,0
2022/9/16 19:30,0
2022/9/16 19:45,0
2022/9/16 20:00,0
2022/9/16 20:15,0
2022/9/16 20:30,0
2022/9/16 20:45,0
2022/9/16 21:00,0
2022/9/16 21:15,0
2022/9/16 21:30,0
2022/9/16 21:45,0
2022/9/16 22:00,0
2022/9/16 22:15,0
2022/9/16 22:30,0
2022/9/16 22:45,0
2022/9/16 23:00,0
2022/9/16 23:15,0
2022/9/16 23:30,0
2022/9/16 23:45,0
2022/9/17 0:00,0
2022/9/17 0:15,0
2022/9/17 0:30,0
2022/9/17 0:45,0
2022/9/17 1:00,0
,
,
,
,
,
,
,
,
,
,
,
,
,
,
,
,
,
,
,
,
,
,
,
,
,
,
,
,
,
,
,
,
,
,
,
,
,
,
,
,
,
,
,
,
,
,
,
,
,
,
,
,
,
,
,
,
,
,
,
,
,
,
,
,
,
,
,
,
,
,
,
,
,
,
,
,
,
,
,
,
,
,
,
,
,
,
,
,
,
,
,
,
,
,
,
,
,
,
,
,
,
,
,
,
,
,
,
,
,
,
,
,
,
,
,
,
,
,
,
,
,
,
,
,
,
,
,
,
,
,
,
,
,
,
,
,
,
,
,
,
,
,
,
,
,
,
,
,
,
,
,
,
,
,
,
,
,
,
,
,
,
,
,
,
,
,
,
,
,
,
,
,
,
,
,
,
,
,
,
,
,
,
,
,
,
,
,
,
,
,
,
,
,
,
,
,
,
,
,
,
,
,
,
,
,
,
,
,
,
,
,
,
,
,
,
,
,
,
,
,
,
,
,
,
,
,
,
,
,
,
,
,
,
,
,
,
,
,
,
,
,
,
,
,
,
,
,
,
,
,
,
,
,
,
,
,
,
,
,
,
,
,
,
,
,
,
,
,
,
,
,
,
,
,
,
,
,
,
,
,
,
,
,
,
,
,
,
,
,
,
,
,
,
,
,
,
,
,
,
,
,
,
,
,
,
,
,
,
,
,
,
,
,
,
,
,
,
,
,
,
,
,
,
,
,
,
,
,
,
,
,
,
,
,
,
,
,
,
,
,
,
,
,
,
,
,
,
,
,
,
,
,
,
,
,
,
,
,
,
,
,
,
,
,
,
,
,
,
,
,
,
,
,
,
,
,
,
,
,
,
,
,
,
,
,
,
,
,
,
,
,
,
,
,
,
,
,
,
,
,
,
,
,
,
,
,
,
,
,
,
,
,
,
,
,
,
,
,
,
,
,
,
,
,
,
,
,
,
,
,
,
,
,
,
,
,
,
,
,
,
,
,
,
,
,
,
,
,
,
,
,
,
,
,
,
,
,
,
,
,
,
,
,
,
,
,
,
,
,
,
,
,
,
,
,
,
,
,
,
,
,
,
,
,
,
,
,
,
,
,
,
,
,
,
,
,
,
,
,
,
,
,
,
,
,
,
,
,
,
,
,
,
,
,
,
,
,
,
,
,
,
,
,
,
,
,
,
,
,
,
,
,
,
,
,
,
,
,
,
,
,
,
,
,
,
,
,
,
,
,
,
,
,
,
,
,
,
,
,
,
,
,
,
,
,
,
,
,
,
,
,
,
,
,
,
,
,
,
,
,
,
,
,
,
,
,
,
,
,
,
,
,
,
,
,
,
,
,
,
,
,
,
,
,
,
,
,
,
,
,
,
,
,
,
,
,
,
,
,
,
,
,
,
,
,
,
,
,
,
,
,
,
,
,
,
,
,
,
,
,
,
,
,
,
,
,
,
,
,
,
,
,
,
,
,
,
,
,
,
,
,
,
,
,
,
,
,
,
,
,
,
,
,
,
,
,
,
,
,
,
,
,
,
,
,
,
,
,
,
,
,
,
,
,
,
,
,
,
,
,
,
,
,
,
,
,
,
,
,
,
,
,
,
,
,
,
,
,
,
,
,
,
,
,
,
,
,
,
,
,
,
,
,
,
,
,
,
,
,
,
,
,
,
,
,
,
,
,
,
,
,
,
,
,
,
,
,
,
,
,
,
,
,
,
,
,
,
,
,
,
,
,
,
,
,
,
,
,
,
,
,
,
,
,
,
,
,
,
,
,
,
,
,
,
,
,
,
,
,
,
,
,
,
,
,
,
,
,
,
,
,
,
,
,
,
,
,
,
,
,
,
,
,
,
,
,
,
,
,
,
,
,
,
,
,
,
,
,
,
,
,
,
,
,
,
,
,
,
,
,
,
,
,
,
,
,
,
,
,
,
,
,
,
,
,
,
,
,
,
,
,
,
,
,
,
,
,
,
,
,
,
,
,
,
,
,
,
,
,
,
,
,
,
,
,
,
,
,
,
,
,
,
,
,
,
,
,
,
,
,
,
,
,
,
,
,
,
,
,
,
,
,
,
,
,
,
,
,
,
,
,
,
,
,
,
,
,
,
,
,
,
,
,
,
,
,
,
,
,
,
,
,
,
,
,
,
,
,
,
,
,
,
,
,
,
,
,
,
,
,
,
,
,
,
,
,
,
,
,
,
,
,
,
,
,
,
,
,
,
,
,
,
,
,
,
,
,
,
,
,
,
,
,
,
,
,
,
,
,
,
,
,
,
,
,
,
,
,
,
,
,
,
,
,
,
,
,
,
,
,
,
,
,
,
,
,
,
,
,
,
,
,
,
,
,
,
,
,
,
,
,
,
,
,
,
,
,
,
,
,
,
,
,
,
,
,
,
,
,
,
,
,
,
,
,
,
,
,
,
,
,
,
,
,
,
,
,
,
,
,
,
,
,
,
,
,
,
,
,
,
,
,
,
,
,
,
,
,
,
,
,
,
,
,
,
,
,
,
,
,
,
,
,
,
,
,
,
,
,
,
,
,
,
,
,
,
,
,
,
,
,
,
,
,
,
,
,
,
,
,
,
,
,
,
,
,
,
,
,
,
,
,
,
,
,
,
,
,
,
,
,
,
,
,
,
,
,
,
,
,
,
,
,
,
,
,
,
,
,
,
,
,
,
,
,
,
,
,
,
,
,
,
,
,
,
,
,
,
,
,
,
,
,
,
,
,
,
,
,
,
,
,
,
,
,
,
,
,
,
,
,
,
,
,
,
,
,
,
,
,
,
,
,
,
,
,
,
,
,
,
,
,
,
,
,
,
,
,
,
,
,
,
,
,
,
,
,
,
,
,
,
,
,
,
,
,
,
,
,
,
,
,
,
,
,
,
,
,
,
,
,
,
,
,
,
,
,
,
,
,
,
,
,
,
,
,
,
,
,
,
,
,
,
,
,
,
,
,
,
,
,
,
,
,
,
,
,
,
,
,
,
,
,
,
,
,
,
,
,
,
,
,
,
,
,
,
,
,
,
,
,
,
,
,
,
,
,
,
,
,
,
,
,
,
,
,
,
,
,
,
,
,
,
,
,
,
,
,
,
,
,
,
,
,
,
,
,
,
,
,
,
,
,
,
,
,
,
,
,
,
,
,
,
,
,
,
,
,
,
,
,
,
,
,
,
,
,
,
,
,
,
,
,
,
,
,
,
,
,
,
,
,
,
,
,
,
,
,
,
,
,
,
,
,
,
,
,
,
,
,
,
,
,
,
,
,
,
,
,
,
,
,
,
,
,
,
,
,
,
,
,
,
,
,
,
,
,
,
,
,
,
,
,
,
,
,
,
,
,
,
,
,
,
,
,
,
,
,
,
,
,
,
,
,
,
,
,
,
,
,
,
,
,
,
,
,
,
,
,
,
,
,
,
,
,
,
,
,
,
,
,
,
,
,
,
,
,
,
,
,
,
,
,
,
,
,
,
,
,
,
,
,
,
,
,
,
,
,
,
,
,
,
,
,
,
,
,
,
,
,
,
,
,
,
,
,
,
,
,
,
,
,
,
,
,
,
,
,
,
,
,
,
,
,
,
,
,
,
,
,
,
,
,
,
,
,
,
,
,
,
,
,
,
,
,
,
,
,
,
,
,
,
,
,
,
,
,
,
,
,
,
,
,
,
,
,
,
,
,
,
,
,
,
,
,
,
,
,
,
,
,
,
,
,
,
,
,
,
,
,
,
,
,
,
,
,
,
,
,
,
,
,
,
,
,
,
,
,
,
,
,
,
,
,
,
,
,
,
,
,
,
,
,
,
,
,
,
,
,
,
,
,
,
,
,
,
,
,
,
,
,
,
,
,
,
,
,
,
,
,
,
,
,
,
,
,
,
,
,
,
,
,
,
,
,
,
,
,
,
,
,
,
,
,
,
,
,
,
,
,
,
,
,
,
,
,
,
,
,
,
,
,
,
,
,
,
,
,
,
,
,
,
,
,
,
,
,
,
,
,
,
,
,
,
,
,
,
,
,
,
,
,
,
,
,
,
,
,
,
,
,
,
,
,
,
,
,
,
,
,
,
,
,
,
,
,
,
,
,
,
,
,
,
,
,
,
,
,
,
,
,
,
,
,
,
,
,
,
,
,
,
,
,
,
,
,
,
,
,
,
,
,
,
,
,
,
,
,
,
,
,
,
,
,
,
,
,
,
,
,
,
,
,
,
,
,
,
,
,
,
,
,
,
,
,
,
,
,
,
,
,
,
,
,
,
,
,
,
,
,
,
,
,
,
,
,
,
,
,
,
,
,
,
,
,
,
,
,
,
,
,
,
,
,
,
,
,
,
,
,
,
,
,
,
,
,
,
,
,
,
,
,
,
,
,
,
,
,
,
,
,
,
,
,
,
,
,
,
,
,
,
,
,
,
,
,
,
,
,
,
,
,
,
,
,
,
,
,
,
,
,
,
,
,
,
,
,
,
,
,
,
,
,
,
,
,
,
,
,
,
,
,
,
,
,
,
,
,
,
,
,
,
,
,
,
,
,
,
,
,
,
,
,
,
,
,
,
,
,
,
,
,
,
,
,
,
,
,
,
,
,
,
,
,
,
,
,
,
,
,
,
,
,
,
,
,
,
,
,
,
,
,
,
,
,
,
,
,
,
,
,
,
,
,
,
,
,
,
,
,
,
,
,
,
,
,
,
,
,
,
,
,
,
,
,
,
,
,
,
,
,
,
,
,
,
,
,
,
,
,
,
,
,
,
,
,
,
,
,
,
,
,
,
,
,
,
,
,
,
,
,
,
,
,
,
,
,
,
,
,
,
,
,
,
,
,
,
,
,
,
,
,
,
,
,
,
,
,
,
,
,
,
,
,
,
,
,
,
,
,
,
,
,
,
,
,
,
,
,
,
,
,
,
,
,
,
,
,
,
,
,
,
,
,
,
,
,
,
,
,
,
,
,
,
,
,
,
,
,
,
,
,
,
,
,
,
,
,
,
,
,
,
,
,
,
,
,
,
,
,
,
,
,
,
,
,
,
,
,
,
,
,
,
,
,
,
,
,
,
,
,
,
,
,
,
,
,
,
,
,
,
,
,
,
,
,
,
,
,
,
,
,
,
,
,
,
,
,
,
,
,
,
,
,
,
,
,
,
,
,
,
,
,
,
,
,
,
,
,
,
,
,
,
,
,
,
,
,
,
,
,
,
,
,
,
,
,
,
,
,
,
,
,
,
,
,
,
,
,
,
,
,
,
,
,
,
,
,
,
,
,
,
,
,
,
,
,
,
,
,
,
,
,
,
,
,
,
,
,
,
,
,
,
,
,
,
,
,
,
,
,
,
,
,
,
,
,
,
,
,
,
,
,
,
,
,
,
,
,
,
,
,
,
,
,
,
,
,
,
,
,
,
,
,
,
,
,
,
,
,
,
,
,
,
,
,
,
,
,
,
,
,
,
,
,
,
,
,
,
,
,
,
,
,
,
,
,
,
,
,
,
,
,
,
,
,
,
,
,
,
,
,
,
,
,
,
,
,
,
,
,
,
,
,
,
,
,
,
,
,
,
,
,
,
,
,
,
,
,
,
,
,
,
,
,
,
,
,
,
,
,
,
,
,
,
,
,
,
,
,
,
,
,
,
,
,
,
,
,
,
,
,
,
,
,
,
,
,
,
,
,
,
,
,
,
,
,
,
,
,
,
,
,
,
,
,
,
,
,
,
,
,
,
,
,
,
,
,
,
,
,
,
,
,
,
,
,
,
,
,
,
,
,
,
,
,
,
,
,
,
,
,
,
,
,
,
,
,
,
,
,
,
,
,
,
,
,
,
,
,
,
,
,
,
,
,
,
,
,
,
,
,
,
,
,
,
,
,
,
,
,
,
,
,
,
,
,
,
,
,
,
,
,
,
,
,
,
,
,
,
,
,
,
,
,
,
,
,
,
,
,
,
,
,
,
,
,
,
,
,
,
,
,
,
,
,
,
,
,
,
,
,
,
,
,
,
,
,
,
,
,
,
,
,
,
,
,
,
,
,
,
,
,
,
,
,
,
,
,
,
,
,
,
,
,
,
,
,
,
,
,
,
,
,
,
,
,
,
,
,
,
,
,
,
,
,
,
,
,
,
,
,
,
,
,
,
,
,
,
,
,
,
,
,
,
,
,
,
,
,
,
,
,
,
,
,
,
,
,
,
,
,
,
,
,
,
,
,
,
,
,
,
,
,
,
,
,
,
,
,
,
,
,
,
,
,
,
,
,
,
,
,
,
,
,
,
,
,
,
,
,
,
,
,
,
,
,
,
,
,
,
,
,
,
,
,
,
,
,
,
,
,
,
,
,
,
,
,
,
,
,
,
,
,
,
,
,
,
,
,
,
,
,
,
,
,
,
,
,
,
,
,
,
,
,
,
,
,
,
,
,
,
,
,
,
,
,
,
,
,
,
,
,
,
,
,
,
,
,
,
,
,
,
,
,
,
,
,
,
,
,
,
,
,
,
,
,
,
,
,
,
,
,
,
,
,
,
,
,
,
,
,
,
,
,
,
,
,
,
,
,
,
,
,
,
,
,
,
,
,
,
,
,
,
,
,
,
,
,
,
,
,
,
,
,
,
,
,
,
,
,
,
,
,
,
,
,
,
,
,
,
,
,
,
,
,
,
,
,
,
,
,
,
,
,
,
,
,
,
,
,
,
,
,
,
,
,
,
,
,
,
,
,
,
,
,
,
,
,
,
,
,
,
,
,
,
,
,
,
,
,
,
,
,
,
,
,
,
,
,
,
,
,
,
,
,
,
,
,
,
,
,
,
,
,
,
,
,
,
,
,
,
,
,
,
,
,
,
,
,
,
,
,
,
,
,
,
,
,
,
,
,
,
,
,
,
,
,
,
,
,
,
,
,
,
,
,
,
,
,
,
,
,
,
,
,
,
,
,
,
,
,
,
,
,
,
,
,
,
,
,
,
,
,
,
,
,
,
,
,
,
,
,
,
,
,
,
,
,
,
,
,
,
,
,
,
,
,
,
,
,
,
,
,
,
,
,
,
,
,
,
,
,
,
,
,
,
,
,
,
,
,
,
,
,
,
,
,
,
,
,
,
,
,
,
,
,
,
,
,
,
,
,
,
,
,
,
,
,
,
,
,
,
,
,
,
,
,
,
,
,
,
,
,
,
,
,
,
,
,
,
,
,
,
,
,
,
,
,
,
,
,
,
,
,
,
,
,
,
,
,
,
,
,
,
,
,
,
,
,
,
,
,
,
,
,
,
,
,
,
,
,
,
,
,
,
,
,
,
,
,
,
,
,
,
,
,
,
,
,
,
,
,
,
,
,
,
,
,
,
,
,
,
,
,
,
,
,
,
,
,
,
,
,
,
,
,
,
,
,
,
,
,
,
,
,
,
,
,
,
,
,
,
,
,
,
,
,
,
,
,
,
,
,
,
,
,
,
,
,
,
,
,
,
,
,
,
,
,
,
,
,
,
,
,
,
,
,
,
,
,
,
,
,
,
,
,
,
,
,
,
,
,
,
,
,
,
,
,
,
,
,
,
,
,
,
,
,
,
,
,
,
,
,
,
,
,
,
,
,
,
,
,
,
,
,
,
,
,
,
,
,
,
,
,
,
,
,
,
,
,
,
,
,
,
,
,
,
,
,
,
,
,
,
,
,
,
,
,
,
,
,
,
,
,
,
,
,
,
,
,
,
,
,
,
,
,
,
,
,
,
,
,
,
,
,
,
,
,
,
,
,
,
,
,
,
,
,
,
,
,
,
,
,
,
,
,
,
,
,
,
,
,
,
,
,
,
,
,
,
,
,
,
,
,
,
,
,
,
,
,
,
,
,
,
,
,
,
,
,
,
,
,
,
,
,
,
,
,
,
,
,
,
,
,
,
,
,
,
,
,
,
,
,
,
,
,
,
,
,
,
,
,
,
,
,
,
,
,
,
,
,
,
,
,
,
,
,
,
,
,
,
,
,
,
,
,
,
,
,
,
,
,
,
,
,
,
,
,
,
,
,
,
,
,
,
,
,
,
,
,
,
,
,
,
,
,
,
,
,
,
,
,
,
,
,
,
,
,
,
,
,
,
,
,
,
,
,
,
,
,
,
,
,
,
,
,
,
,
,
,
,
,
,
,
,
,
,
,
,
,
,
,
,
,
,
,
,
,
,
,
,
,
,
,
,
,
,
,
,
,
,
,
,
,
,
,
