diff(Outdoor unit power),Cooling capacity,Outdoor dry bulb temperature,Compressor frequency 1,Mean(Indoor temperature),Outdoor unit fan speed
3.319999999999709,9.653859034000002,30.46666666666667,22.294117647058826,24.61,655.8823529411766
2.680000000000291,12.9139804,30.866666666666664,28.33333333333333,25.009523809523806,517.4444444444445
2.9599999999995816,12.65064593,31.03333333333333,30.33333333333333,24.657894736842106,694.0
3.200000000000273,9.894391792,31.433333333333334,20.58823529411765,24.852631578947374,510.64705882352933
4.159999999999855,10.88924677,31.76666666666667,25.705882352941174,24.722222222222214,302.64705882352933
2.2400000000002365,11.69364529,31.83333333333333,26.705882352941174,24.65,639.2352941176471
2.880000000000109,6.294868467000001,31.93333333333333,14.066666666666665,24.516666666666666,411.6
4.239999999999782,15.46719165,29.9,36.36363636363637,25.616363636363637,649.0
2.880000000000109,14.56717547,29.3,34.0,25.48847926267281,471.0
2.320000000000164,11.52574604,29.8,23.0,24.5,471.0
2.400000000000091,13.721240519999998,30.7,32.9,24.858333333333334,270.6
2.200000000000273,9.778278348999999,30.96666666666667,26.363636363636363,25.108717948717945,280.0
1.6799999999998363,3.819056925,31.3,6.9,25.632792207792207,84.7
1.2399999999997815,6.3295776660000005,31.266666666666666,13.818181818181818,25.25,381.1818181818182
5.680000000000291,13.528063080000004,31.83333333333333,35.4,24.24846153846154,655.7
3.0799999999999272,9.363131746,32.2,21.8,25.019230769230766,478.5
2.559999999999945,10.47812406,32.53333333333333,26.4,22.99230769230769,555.2
3.0799999999999272,12.23615136,33.13333333333333,28.63636363636364,22.764285714285716,534.0909090909091
2.2800000000002,4.119005165,33.333333333333336,10.111111111111109,22.35833333333333,279.22222222222223
3.0799999999999272,13.60434819,33.766666666666666,32.0,23.84166666666667,665.0
3.720000000000255,12.852245579999998,34.06666666666667,31.272727272727273,24.000000000000004,627.5454545454545
3.679999999999836,13.922073480000002,34.300000000000004,33.6,23.93076923076923,695.6
3.4000000000000914,10.46675317,34.300000000000004,25.09090909090909,23.54,621.8181818181819
2.599999999999909,8.665710373,34.4,20.222222222222218,23.691666666666674,467.11111111111114
2.559999999999945,3.504081313,34.300000000000004,8.636363636363637,23.72307692307692,456.8181818181818
4.0,12.26082069,28.96666666666667,27.0,24.716666666666665,336.6111111111111
2.039999999999964,8.798004822000001,29.366666666666664,20.82608695652174,24.59565217391304,467.3478260869565
1.9199999999996182,6.992788264,29.600000000000005,17.423076923076927,24.774999999999995,475.8076923076923
2.0400000000004184,8.878367479000001,29.93333333333333,21.95833333333333,24.6608695652174,524.1666666666666
2.4799999999995634,12.09671332,30.43333333333333,24.8125,28.123856209150325,366.5625
4.080000000000382,15.694690230000004,30.566666666666666,39.2,25.25346153846154,830.6
4.239999999999782,17.964277199999998,30.83333333333333,42.66666666666666,24.932142857142857,830.1111111111112
3.960000000000037,17.573647719999997,31.23333333333333,35.54545454545455,30.01922077922078,831.0
3.119999999999891,14.90664814,31.76666666666667,36.125,24.285714285714285,600.75
3.039999999999964,14.14728524,31.9,34.714285714285715,24.543750000000003,601.2857142857142
2.880000000000109,13.840829300000001,31.66666666666667,33.5,24.68409090909091,563.625
2.0,9.922249975,31.96666666666667,22.25,25.014285714285712,430.25
2.2399999999997817,3.417475449,32.5,7.5,24.52222222222223,207.5
2.1200000000003456,3.5632236780000004,32.766666666666666,7.777777777777778,24.73076923076923,242.55555555555557
1.8799999999996544,8.066499038,32.800000000000004,16.0,25.016666666666666,173.66666666666663
2.1200000000003456,6.9437565260000005,33.46666666666667,17.285714285714285,24.6125,454.57142857142856
4.039999999999964,14.850363399999999,34.43333333333334,33.05882352941177,25.858823529411765,579.6470588235294
5.5600000000004,15.726219680000002,34.93333333333334,43.375,24.8,619.7083333333334
4.0,13.349227009999998,34.73333333333333,30.052631578947373,25.164705882352948,499.4210526315789
3.799999999999727,20.498107630000003,34.4,56.21052631578947,23.963157894736838,768.578947368421
3.6399999999998727,13.497447369999998,34.2,33.09090909090909,23.27307692307692,619.3636363636364
4.800000000000182,13.56710085,32.800000000000004,32.892857142857146,22.86785714285714,540.9642857142857
3.7199999999998,10.18581961,30.03333333333333,25.2,22.38,532.8
1.4000000000005457,5.836259499,26.1,11.6,23.55,149.5
2.520000000000437,8.998634443,26.9,19.1,26.491666666666664,165.3
2.319999999999709,14.09029364,27.8,34.19230769230769,28.0584347826087,297.0
4.8400000000001455,22.58003759,28.33333333333333,59.29166666666666,24.92185990338165,352.29166666666674
4.7999999999992715,17.55136188,27.83333333333333,37.888888888888886,24.75049019607843,345.22222222222223
3.040000000000873,13.91906822,27.366666666666664,31.464285714285715,24.788888888888888,278.7142857142857
2.9200000000000728,5.3969531790000005,27.96666666666667,9.818181818181818,25.25238095238095,98.54545454545456
0.8800000000001091,4.251895465,27.03333333333333,15.2,28.645454545454548,67.2
0.6000000000003638,2.8115211220000003,27.3,3.2,28.89166666666667,21.8
0.6000000000003638,3.131577145,27.066666666666666,5.111111111111111,28.35,76.0
0.9200000000000728,2.975564893,27.566666666666666,4.2,28.87,60.1
0.680000000000291,2.323618597,27.766666666666666,3.636363636363636,28.372727272727275,111.8181818181818
0.8799999999991996,3.673075664,28.100000000000005,4.6,28.96,52.1
0.8000000000001819,2.291471264,28.133333333333336,4.3,28.381818181818176,123.3
1.4000000000005457,4.457130529,29.766666666666666,15.4,28.79166666666666,19.1
1.0399999999999636,3.754646054,29.0,6.888888888888888,28.25,94.88888888888887
1.800000000000182,6.354909141,30.83333333333333,12.181818181818182,28.600000000000005,159.36363636363637
4.599999999999454,6.901217795999999,31.93333333333333,16.5,28.816666666666666,225.4
1.800000000000182,4.249706005,32.13333333333333,9.8,26.862500000000004,252.0
0.680000000000291,2.255989161,32.46666666666666,4.8,28.381818181818176,240.0
1.3599999999996726,3.502994115,32.666666666666664,8.5,28.381818181818186,284.0
3.119999999999891,9.212536269,32.03333333333333,25.33333333333333,28.7,155.11111111111111
1.9600000000000364,6.500699944,31.33333333333333,13.5,28.342857142857145,300.9
1.5199999999995268,7.4533968700000015,31.2,17.3,28.676923076923075,240.4
1.1199999999998909,6.698026679,31.16666666666667,14.222222222222221,28.715384615384608,181.33333333333331
1.9200000000000728,7.63180461,30.73333333333333,16.88888888888889,28.707692307692305,311.5555555555556
3.3599999999996726,5.097741261,30.100000000000005,16.333333333333332,28.89,37.888888888888886
1.1999999999998179,3.830773744,29.633333333333336,7.454545454545454,28.65833333333333,205.0909090909091
1.800000000000182,3.1447789860000004,26.5,4.727272727272728,26.575000000000006,93.0
2.0,11.750233300000001,26.366666666666664,27.0,25.1551282051282,222.77777777777774
1.800000000000182,5.781670197,25.96666666666667,12.222222222222221,26.21923076923077,38.888888888888886
2.1599999999998545,11.1031119,26.03333333333333,22.3,25.592307692307692,223.1
1.4000000000005457,6.013893650999999,28.16666666666667,11.818181818181818,27.02857142857143,140.0909090909091
2.520000000000437,12.02983739,29.16666666666667,27.608695652173914,24.514814814814827,335.6521739130435
2.0,8.587495657,29.66666666666667,25.88888888888889,31.213197051990157,425.4444444444445
1.2400000000006912,6.3455749180000005,26.899999999999995,9.555555555555557,27.576923076923073,158.22222222222226
3.0,8.788985008,26.96666666666667,15.5,24.13076923076923,124.0
0.5200000000004366,2.4609623330000003,27.566666666666666,4.4,27.10833333333333,149.3
3.399999999999636,10.869696890000002,28.5,24.25,23.71,209.0
3.039999999999964,3.5836155770000007,28.399999999999995,10.4,24.200000000000006,73.3
3.8400000000001455,10.44649711,29.5,23.33333333333333,24.946923076923078,367.5555555555555
1.800000000000182,7.299661845,29.43333333333333,14.909090909090908,25.53333333333333,230.0
1.0,5.682071422000001,29.5,11.8,25.60833333333333,165.1
1.0399999999999636,6.321830675,29.866666666666664,13.111111111111109,25.5,230.55555555555557
3.799999999999272,12.663866000000002,30.16666666666667,27.1875,24.289473684210524,337.75
2.800000000000182,14.93537602,29.95,33.92,23.67916666666667,438.64
2.5199999999995266,6.397669486,30.43333333333333,18.08695652173913,23.6608695652174,165.69565217391303
2.1999999999998185,12.46402497,30.83333333333333,30.055555555555557,23.7875,608.0555555555555
2.3200000000006185,3.3502090460000002,31.03333333333333,8.2,24.163636363636364,249.1
3.6799999999993815,10.73591771,30.633333333333336,24.72727272727273,23.73076923076923,447.0
1.3999999999996362,2.847377869,30.2,2.727272727272727,29.54589743589744,68.45454545454545
1.2399999999997815,7.3630930989999985,29.7,14.777777777777779,25.45833333333334,274.22222222222223
2.4799999999995634,13.80760999,27.633333333333336,31.0,24.92857142857143,259.27272727272725
1.6000000000003638,5.671882954,27.600000000000005,10.2,24.576923076923073,170.1
0.9600000000000364,5.7359681060000005,27.566666666666666,10.909090909090908,24.6,151.27272727272728
4.160000000000764,9.230659587,28.266666666666666,24.222222222222218,23.78461538461538,367.22222222222223
1.0399999999999636,4.391166429999998,29.05,9.23076923076923,24.84615384615385,165.69230769230768
2.4400000000005093,12.56909583,26.23333333333333,26.1,26.710000000000004,279.5
2.2799999999997453,6.525047559000001,26.16666666666667,11.1,25.066666666666666,101.1
2.1599999999998545,9.263035747,28.16666666666667,16.2,25.79,176.2
2.4400000000005093,7.308236895,29.85,14.272727272727273,26.58333333333333,223.3636363636364
1.9200000000000728,8.992225765,29.96666666666667,19.666666666666668,26.55192307692308,372.66666666666674
1.4399999999995998,7.381718543000001,30.866666666666664,14.222222222222221,30.1,281.5555555555556
1.9200000000000728,6.085758195,30.866666666666664,12.090909090909092,27.56153846153847,299.3636363636364
1.0399999999999636,4.174865243,30.73333333333333,9.333333333333334,27.3076923076923,256.0
2.7200000000002547,8.117455701999999,27.7,18.45,25.465000000000003,260.7
2.0,6.180525342999999,26.566666666666666,12.8,25.33288043478261,148.84
2.880000000000109,13.14161859,25.66666666666667,31.4,25.4475,300.8
2.119999999999891,11.12756,26.03333333333333,26.8,25.72747252747253,232.9
2.9200000000000728,14.86430535,26.2,39.444444444444436,25.378428093645482,286.77777777777777
1.6000000000003638,7.7243762579999995,26.16666666666667,21.1,24.84736842105263,170.8
1.800000000000182,8.433861391,26.133333333333336,19.4375,25.423076923076927,195.5625
2.319999999999709,8.170981439,26.33333333333333,25.33333333333333,25.288,174.16666666666663
1.8800000000001087,9.763858668,26.266666666666666,26.66666666666667,24.381818181818186,250.95833333333331
1.5600000000004002,4.909277824,26.23333333333333,12.111111111111109,24.23809523809524,151.11111111111111
2.719999999999345,11.92750283,29.33333333333333,26.9,24.418750000000006,303.6
3.600000000000364,13.33571357,30.43333333333333,27.92857142857143,24.40625,429.28571428571433
2.9600000000000364,14.462968799999999,32.13333333333333,35.666666666666664,24.15454545454545,699.1666666666665
1.4799999999995634,5.799587203,32.666666666666664,12.730769230769232,26.07333333333334,358.1923076923077
3.759999999999309,18.14456379,32.03333333333333,45.7,24.355555555555554,766.5
3.0,13.58957218,32.23333333333333,30.894736842105264,22.905,612.6315789473684
4.119999999999891,5.386757546,32.03333333333334,15.0,21.918518518518514,345.03846153846155
4.160000000000764,14.17198136,28.43333333333333,29.93333333333333,24.34347826086957,408.13333333333327
2.6000000000003642,7.868886692999999,29.33333333333333,19.041666666666668,22.92,303.7916666666667
6.7200000000002555,26.526339180000004,32.2,68.63636363636364,22.949465240641715,830.6363636363636
4.480000000000473,15.67728138,32.63333333333333,38.19047619047619,21.629464285714292,747.7142857142858
3.8399999999992365,12.23384933,32.53333333333333,30.04,19.313636363636366,635.24
3.880000000000109,11.66725867,32.53333333333333,30.363636363636363,18.976190476190478,659.1363636363636
2.9600000000000364,12.5223727,32.6,32.5,19.168000000000006,722.2692307692308
3.520000000000437,10.03252396,32.9,25.785714285714285,18.768750000000008,789.7857142857142
1.3999999999996362,6.648598615,34.13333333333333,13.043478260869565,27.29565217391304,295.60869565217394
1.2799999999997451,3.539910037,30.66666666666667,8.0,25.5,341.5
2.0799999999999272,11.161478229999998,31.1,25.11111111111111,26.478571428571428,612.0
1.8400000000001453,4.837014663,31.133333333333336,9.3,25.51538461538461,257.1
1.1599999999998545,4.9039109829999985,30.899999999999995,9.888888888888891,25.361538461538462,250.44444444444446
1.4800000000004732,8.204841165,31.066666666666666,17.454545454545453,25.36666666666667,400.3636363636364
1.3599999999996726,7.1786474170000005,31.43333333333333,15.0,25.5,334.3
1.6399999999994184,4.511895181,31.766666666666666,9.444444444444443,25.46363636363636,268.8888888888889
1.7600000000002185,6.202967183999999,31.43333333333333,11.818181818181818,25.33571428571429,282.1818181818182
1.319999999999709,3.656933447,32.2,7.2,25.49285714285714,272.4
4.360000000000582,12.75701051,34.46666666666666,28.235294117647058,24.95652173913043,488.1764705882353
4.519999999999527,18.76024282,34.56666666666667,51.56,23.42173913043478,739.2
2.0,4.335220799000002,35.13333333333333,11.185185185185185,23.81,135.07407407407408
3.0,16.88762475,35.06666666666667,36.869565217391305,25.94090909090909,650.695652173913
5.559999999999491,14.54891866,35.3,33.1,25.026373626373626,750.5
3.8400000000001455,8.382984886000001,35.166666666666664,22.1,25.03923076923077,590.5
1.9600000000000364,10.35084202,35.3,22.0,25.70909090909091,478.77777777777777
1.9200000000000728,8.901404064000003,35.099999999999994,19.9,25.50833333333333,433.4
1.8800000000001087,9.219026694,35.266666666666666,20.666666666666668,25.47142857142857,477.11111111111114
2.039999999999964,8.400523156000002,35.13333333333333,19.2,25.561538461538454,428.8
2.0,8.792836429000001,33.86666666666667,19.4,27.35833333333333,459.3
4.960000000000036,17.94829167,32.1,46.0,26.76666666666666,781.6363636363636
2.3599999999996726,10.50279492,31.83333333333333,24.88,24.02333333333333,430.52
3.0,7.392977921,32.23333333333333,15.6,23.842857142857138,414.6
4.680000000000291,7.892302223999999,32.63333333333333,20.6,25.39,451.8
2.1599999999998545,8.090062947,33.0,17.545454545454547,24.666666666666675,464.3636363636364
3.5599999999994907,16.27478901,33.2,47.6,23.46666666666667,840.6
4.240000000000691,5.790142531000002,33.56666666666667,15.111111111111109,21.55,417.22222222222223
3.759999999999309,18.47001791,33.43333333333333,45.0,27.648846153846158,836.12
3.4000000000005457,9.200053432,34.23333333333334,18.615384615384613,26.66180555555555,433.8846153846154
2.3599999999996726,11.53263073,34.7,23.523809523809533,26.579166666666666,563.1904761904761
2.2399999999997817,9.717793341,35.2,19.818181818181817,26.3349358974359,362.0
2.680000000000291,11.05681903,35.2,25.88888888888889,25.591666666666665,640.0
3.0,7.780667543000001,35.1,18.0,25.357142857142854,425.5
4.479999999999563,19.095047199999996,35.53333333333333,50.5,22.00769230769231,655.8
3.4000000000005457,15.65726541,34.73333333333333,34.4,26.538461538461533,609.8
4.039999999999964,16.40582057,34.63333333333333,39.9,23.10909090909091,696.5
3.1599999999998545,9.09825667,33.666666666666664,23.2,26.906666666666673,583.6
7.199999999999817,16.00568332,35.833333333333336,72.55555555555556,23.372280701754388,870.7777777777777
7.5200000000004374,22.73479481,36.5,68.8888888888889,23.260844645550527,870.7777777777777
6.559999999999491,15.84985675,36.36666666666667,66.44444444444444,23.931864699627862,870.8888888888888
7.920000000000073,19.91709988,36.6,69.36363636363636,23.87261571761572,871.1818181818181
6.800000000000183,16.12113498,36.566666666666656,68.66666666666667,24.03036541889483,871.2222222222223
7.8400000000001455,14.716009900000001,36.13333333333333,67.6,23.842438672438675,871.1
5.119999999999892,15.96223972,36.4,47.4,23.56886111111111,870.9
5.119999999999892,10.77358116,35.86666666666667,49.22222222222222,23.86376068376068,871.2222222222223
5.6400000000003265,11.59977868,35.53333333333333,54.75,23.83990493166964,870.625
6.559999999999491,12.84780965,35.56666666666667,60.0,23.919999999999998,871.1111111111112
1.800000000000182,5.824739114999999,34.766666666666666,11.3,23.93733682983683,261.4
4.4399999999996,11.15644361,34.300000000000004,29.4,24.34545454545454,678.4
4.240000000000691,20.57287023,30.73333333333333,50.3,27.066666666666666,830.4
3.5199999999995266,13.2623286,30.866666666666664,30.608695652173914,23.50869565217391,578.7826086956521
3.8400000000001455,17.37697095,31.366666666666664,45.0,21.927272727272726,524.0370370370372
3.0799999999999272,9.059404889,31.133333333333336,22.2,22.482142857142858,505.2
1.3599999999996726,5.189412677,31.633333333333336,11.928571428571427,24.196969696969692,358.67857142857144
5.159999999999855,19.35116777,32.7,49.555555555555564,24.36,841.1111111111112
3.680000000000291,8.683225233,32.93333333333333,21.03846153846154,23.44444444444445,553.6153846153846
3.1599999999998545,6.652407662999999,33.300000000000004,18.48,25.742941810344824,625.8
4.280000000000655,21.22040233,30.93333333333333,54.72727272727273,27.76666666666667,834.0
4.399999999999637,15.89325872,31.066666666666666,37.43478260869565,28.111944444444447,631.6086956521739
3.4000000000005457,13.823341680000002,31.5,33.642857142857146,24.86969696969697,439.3928571428572
2.1599999999998545,12.63842853,31.53333333333333,29.84,26.526309067688388,567.88
5.479999999999563,20.18375017,31.7,52.54545454545455,25.191931216931216,871.2272727272727
4.440000000000509,13.65161566,32.03333333333333,32.666666666666664,24.577849002849007,835.5925925925926
2.1999999999998185,8.062114429000001,32.266666666666666,18.956521739130434,24.665384615384607,422.2173913043478
1.7600000000002185,5.722440434,32.6,14.0,24.65,392.9090909090909
1.9200000000000728,8.016152901,32.53333333333333,19.444444444444443,24.68181818181819,462.88888888888886
1.9200000000000728,6.091472639,33.50000000000001,14.5,26.90625,303.0
1.7200000000002549,8.805429112999999,33.800000000000004,20.33333333333333,26.47692307692308,380.11111111111114
0.7200000000002547,1.8879378480000002,33.666666666666664,4.181818181818182,27.5,237.63636363636363
2.160000000000764,4.425705807,34.4,12.363636363636365,25.71333333333333,354.8181818181818
1.3599999999996726,4.142443031,34.7,9.777777777777779,26.691666666666666,273.44444444444446
1.4800000000004732,1.7470379930000002,34.63333333333333,5.4,25.907692307692308,170.1
2.0,4.328742957,33.300000000000004,11.034482758620689,25.02,300.27586206896547
2.4399999999996003,13.3563899,28.2,30.1,25.60833333333333,315.3
1.6000000000003638,7.905767581999999,28.8,18.222222222222218,24.676923076923078,330.3333333333333
6.119999999999892,13.41728525,34.86666666666667,31.59090909090909,24.426086956521736,587.2727272727273
3.5600000000003997,13.06245769,34.8,32.230769230769226,23.75185185185185,538.9230769230769
6.4799999999995626,16.84084107,32.7,41.29411764705883,24.763484848484843,868.3529411764706
2.7600000000002183,10.70267959,32.9,25.1,25.162237762237762,675.7
2.039999999999964,4.2926535060000015,32.9,10.111111111111109,25.66666666666667,288.22222222222223
2.4400000000005093,9.612724277,32.766666666666666,21.8,25.55,390.3
2.1599999999998545,10.61994593,32.5,25.33333333333333,25.575000000000006,472.88888888888886
1.9200000000000728,7.246960865999999,32.46666666666667,17.5,25.484615384615378,512.6
6.5600000000004,20.68891269,32.66666666666667,55.3,26.505000000000003,848.6
3.5599999999994907,9.990022156,32.86666666666667,25.33333333333333,24.615384615384613,535.3333333333334
4.920000000000074,21.84880344,33.0,60.66666666666666,24.68,818.3333333333335
5.399999999999636,18.9314098,33.63333333333333,54.0,22.080000000000005,708.0
1.5200000000004366,3.4025920229999995,33.56666666666667,9.111111111111109,23.75185185185185,211.66666666666663
2.319999999999709,5.96050071,34.4,15.92,25.560714285714283,140.16
7.0,23.77292447,34.43333333333333,68.9090909090909,25.07,870.7272727272727
3.8400000000001455,7.033601690999999,34.333333333333336,18.7,23.816666666666666,580.9
5.520000000000437,24.57664585,34.76666666666667,65.5,27.342857142857145,783.5
3.799999999999272,7.309062776000001,34.73333333333333,19.727272727272727,25.57333333333333,550.6363636363636
2.9200000000000728,14.66373806,34.36666666666667,34.6,25.72727272727273,554.0
2.7600000000002183,15.186231630000002,34.63333333333333,37.0,25.669230769230772,615.0
3.3600000000005816,7.424566688,35.13333333333333,20.666666666666668,25.54285714285714,500.5555555555555
2.5199999999995266,9.554893167000001,35.23333333333333,23.5,25.592307692307696,435.5
3.2399999999997817,14.32450524,34.833333333333336,37.0,25.53076923076923,576.1111111111112
3.800000000000182,15.731602919999998,34.46666666666667,33.1,27.409090909090914,692.1
6.5200000000004374,16.86096202,34.43333333333334,57.2,25.222767857142856,871.2
5.6799999999993815,17.49199996,34.333333333333336,55.1,24.369571428571433,825.5
5.1200000000007995,17.764160349999994,34.2,52.9,24.304374999999997,750.7
4.240000000000691,17.457403309999997,33.56666666666666,47.555555555555564,24.127500000000005,601.1111111111112
3.119999999999891,6.193661917000001,33.03333333333333,15.0,25.475,510.9
2.3599999999996726,7.309858834999999,32.93333333333333,17.8,25.53,390.7
5.880000000000108,15.773295869999998,31.16666666666667,43.3,23.3,587.5
2.5599999999994907,9.720113211000001,31.33333333333333,23.0,24.87692307692308,427.54545454545456
4.880000000000108,19.23348108,33.03333333333333,54.6,22.160000000000004,696.2
2.2799999999997453,7.104397761,33.4,19.11111111111111,21.772727272727273,317.22222222222223
3.039999999999964,13.12722936,33.96666666666667,32.4,26.923076923076927,556.6
3.319999999999709,19.45168372,32.26666666666667,41.444444444444436,27.485714285714288,539.5555555555555
3.7600000000002174,8.15289252,33.099999999999994,19.545454545454547,25.546153846153842,474.6363636363636
3.4800000000004734,13.62180919,34.06666666666667,32.1,25.82142857142857,525.1
2.0,8.536303325,33.766666666666666,20.09090909090909,25.715384615384608,354.45454545454544
2.3599999999996726,10.22051968,34.06666666666666,23.777777777777782,25.79166666666666,431.22222222222223
2.4000000000005457,12.94557236,33.63333333333333,33.333333333333336,25.57692307692308,626.8888888888888
2.9600000000000364,6.584247757999999,33.666666666666664,18.2,25.507692307692317,480.6
0.2799999999997453,0.8912871795999999,33.46666666666666,2.363636363636364,27.063636363636366,158.0
2.6400000000003274,13.43962268,30.26666666666667,29.9,28.92666666666666,365.8
2.639999999999418,14.40976466,30.43333333333333,35.9,25.686666666666664,505.1
2.0799999999999272,12.094667459999998,30.43333333333333,29.0,24.915384615384607,282.8
2.719999999999345,11.27579908,30.399999999999995,27.2,24.635714285714286,435.7
2.039999999999964,9.373749383,30.266666666666666,27.09090909090909,24.815384615384612,285.72727272727275
1.3599999999996726,7.98477323,30.3,20.0,25.03636363636364,204.0
6.480000000000472,22.89112068,31.566666666666666,67.63636363636364,27.315384615384612,812.0
6.0,25.929846530000006,32.1,71.0,25.203496503496503,655.8
0.9200000000000728,2.773886076,31.766666666666666,6.379310344827586,25.424183006535955,195.1379310344828
2.5599999999994907,10.9116309,31.83333333333333,26.37037037037037,24.951724137931038,335.8888888888889
1.6800000000002908,9.206877316,32.76666666666667,17.76923076923077,30.67293103448275,272.76923076923083
5.319999999999709,16.22653,32.36666666666667,52.27272727272727,26.006190476190472,852.1818181818181
6.760000000000218,24.03392193,32.86666666666667,59.18181818181818,24.121922521922517,871.1818181818181
5.159999999999855,11.73964353,33.23333333333334,24.0,24.24261426978818,512.3529411764706
6.7200000000002555,19.26248266,34.73333333333334,58.0,25.109461279461286,871.1111111111112
5.520000000000437,19.163053960000006,34.9,50.1,24.907972972972974,862.9
5.9600000000000355,20.98215402,34.63333333333333,53.0,24.080979986197377,870.7
6.399999999999636,19.87361656,35.0,51.4,24.704558823529418,871.3
5.680000000000291,22.78431562,35.23333333333333,57.18181818181818,24.788833992094865,870.0909090909091
5.199999999999818,12.97084986,34.7,41.6,24.8775,850.6
5.519999999999528,15.493567340000002,34.9,49.77777777777778,25.115833333333335,850.3333333333335
5.400000000000546,18.10532131,35.13333333333333,45.90909090909091,24.86934566145092,850.4545454545455
5.880000000000108,20.24496991,34.9,52.5,24.790049342105263,850.375
5.2799999999997445,21.3288337,34.96666666666666,53.9,24.813667232597624,850.3
5.800000000000183,19.10872665,34.266666666666666,60.45454545454545,25.00899122807018,830.6363636363636
5.519999999999528,19.61168305,34.05,59.6,24.88611111111111,830.7
4.7200000000002555,15.169597400000002,34.300000000000004,44.72727272727273,24.868117408906883,830.3636363636364
5.239999999999783,18.56032285,34.13333333333333,50.6,24.90338345864662,830.4
5.680000000000291,20.07826299,32.96666666666667,57.63636363636363,25.191125541125537,850.0909090909091
5.6400000000003265,21.87304566,31.766666666666666,60.81818181818182,25.714285714285715,867.4545454545455
2.719999999999345,6.214322437000001,31.633333333333336,17.0,22.36,348.2
7.199999999999817,21.15591193,34.0,68.6,22.9,793.8
5.9600000000000355,18.95142382,34.43333333333333,60.81818181818182,25.862912087912086,812.4545454545455
5.4399999999996,19.55240037,35.26666666666667,58.5,22.65454545454545,725.4
3.8400000000001455,12.34945584,35.56666666666667,31.5,20.84166666666666,498.0
3.0799999999999272,13.77350138,36.76666666666666,30.363636363636363,29.192857142857147,553.8181818181819
5.280000000000655,17.60432674,36.86666666666667,42.6,28.067857142857143,710.1
3.5600000000003997,9.351168422,37.16666666666666,25.0,26.004166666666663,532.0
3.5999999999994543,9.393684257,36.933333333333344,24.4,25.83928571428571,605.7
2.680000000000291,8.948290574,37.2,22.54545454545455,25.76923076923077,475.09090909090907
3.1599999999998545,12.95968599,37.333333333333336,31.0,25.684615384615388,696.0
3.5600000000003997,7.530615812000001,37.26666666666666,20.4,25.5,561.8
4.4399999999996,17.514361440000002,36.83333333333333,43.0,25.87202380952381,609.3
3.4399999999996003,12.4463613,36.73333333333333,29.777777777777782,25.215384615384615,483.88888888888886
4.119999999999891,13.48102919,36.5,31.181818181818183,25.126923076923077,633.0
2.840000000000145,7.500081434000001,36.3,21.0,25.478571428571428,435.4
2.119999999999891,2.8248491889999996,35.96666666666667,8.181818181818182,25.5,465.8181818181818
7.319999999999709,20.06959395,35.30000000000001,62.45454545454545,26.35625,794.1818181818181
4.519999999999527,20.2969708,35.96666666666667,48.77777777777778,28.133333333333333,636.4444444444445
7.5200000000004374,21.31984873,36.466666666666654,51.0,24.934615384615384,783.2
4.760000000000217,18.12866732,36.5,41.77777777777778,24.57275641025641,676.8888888888888
6.680000000000291,19.24522216,37.2,53.1,17.749999999999996,844.5
4.8799999999992005,15.28758011,37.36666666666667,40.22222222222222,20.623076923076926,749.0
7.319999999999709,21.04407362,37.16666666666666,58.54545454545455,17.525,840.5454545454545
4.680000000000291,9.467019748,35.166666666666664,22.0,24.940000000000005,415.5
3.1599999999998545,10.78430445,35.6,24.72727272727273,24.835714285714282,464.0
5.159999999999855,20.192452130000003,32.1,51.111111111111114,22.438461538461546,719.1111111111112
5.039999999999964,19.28995926,32.46666666666667,47.18181818181818,23.34615384615385,623.5454545454545
6.519999999999528,19.48830973,33.53333333333333,58.77777777777778,23.86388888888889,871.2222222222223
3.8400000000001455,14.482131699999998,33.86666666666667,33.77777777777778,24.20595238095238,670.5555555555555
3.9200000000000728,11.22091315,33.93333333333333,27.1,24.60909090909091,533.2
3.119999999999891,9.052403897000001,34.23333333333333,20.8,24.56,490.6
2.4400000000005093,13.16563813,34.8,29.2,24.65384615384616,522.6
2.8799999999992,13.54457033,35.46666666666667,34.111111111111114,24.73076923076923,572.5555555555555
3.3600000000005816,6.409379645,35.63333333333333,15.636363636363635,24.58333333333334,393.9090909090909
3.800000000000182,13.40849207,35.73333333333333,31.90909090909091,24.653846153846153,686.8181818181819
3.3200000000006185,16.76659781,35.73333333333333,39.555555555555564,26.435714285714283,580.3333333333334
5.799999999999272,14.70605239,36.2,40.0,23.325,554.5454545454545
2.1200000000008004,6.787234885,36.13333333333333,18.0,25.578571428571426,430.8
2.4399999999996003,13.3636493,36.46666666666667,30.9,25.75,522.2
3.039999999999964,11.68098817,36.86666666666667,30.0,25.78333333333333,578.5555555555555
8.319999999999709,28.262770250000006,37.46666666666667,82.72727272727273,25.69,871.0
6.079999999999927,18.47503657,37.833333333333336,46.90909090909091,23.07333333333333,773.3636363636364
4.719999999999345,17.443244330000002,37.86666666666667,48.0,23.107692307692307,729.3333333333335
4.880000000000108,17.243490899999998,37.86666666666667,45.4,23.042857142857148,696.3
5.173333333332267,17.10553272,38.13333333333333,42.2,24.878095238095238,743.2
4.800000000000182,18.27292055,38.433333333333344,45.22222222222222,24.91126373626374,700.0
6.300000000000183,11.10134036,38.13333333333333,28.0,24.597115384615385,760.4444444444445
3.5600000000003997,16.01405806,38.16666666666666,36.3,24.742380952380948,456.7
3.319999999999709,11.52624445,38.23333333333333,27.2,24.723076923076924,605.5
4.399999999999637,13.71105576,37.96666666666667,32.44444444444444,24.59285714285714,580.2222222222222
4.280000000000655,12.50238853,37.7,29.2,24.527500000000003,709.4
3.0,16.254590540000002,36.86666666666667,39.6,24.728571428571428,672.5
4.639999999999418,14.04899327,36.43333333333333,30.4,24.528571428571425,605.7
3.3600000000005816,12.22278285,36.03333333333333,29.0,24.58044871794872,593.7
4.880000000000108,16.61941921,32.0,39.7,24.90384615384615,676.9
4.2799999999997445,19.07985031,32.1,44.81818181818182,24.6703781512605,624.1818181818181
4.3200000000006185,14.4641732,32.36666666666667,34.4,24.529120879120875,672.0
4.6799999999993815,14.554041630000002,32.33333333333333,34.81818181818182,24.556428571428576,675.1818181818181
3.280000000000655,12.91713647,32.23333333333333,28.777777777777782,23.245454545454546,555.2222222222222
2.6400000000003274,9.476700719,32.43333333333333,26.6,24.23333333333333,485.1
7.119999999999892,20.96011156,36.9,59.77777777777778,24.187692307692302,870.5555555555555
6.0,20.00536813,36.933333333333344,56.2,23.96333333333333,860.4
3.960000000000037,15.4685003,37.266666666666666,35.9,24.140659340659347,735.5
5.3200000000006185,15.13000811,37.333333333333336,34.44444444444444,24.2702380952381,677.0
3.3599999999996726,13.492481130000002,37.16666666666666,33.09090909090909,24.646428571428572,620.5454545454545
3.2799999999997453,9.088821473,37.36666666666667,24.9,23.808333333333334,514.2
2.880000000000109,9.29312491,36.73333333333333,27.1,23.830769230769228,570.2
4.920000000000074,17.29371129,36.9,45.4,22.746153846153845,590.7
3.680000000000291,12.10506993,36.533333333333346,31.363636363636363,22.253846153846155,554.5454545454545
5.039999999999964,17.59768047,35.333333333333336,44.9,22.793333333333337,730.6
3.119999999999891,11.81268527,34.93333333333333,27.09090909090909,22.35,432.0
6.920000000000073,24.17968198,31.53333333333333,71.2,25.69,867.2
0.8400000000001455,4.220716189,32.300000000000004,10.8,24.63636363636364,241.5
5.6799999999993815,23.75501377,33.6,61.8,25.73,783.6
5.599999999999454,17.523504250000002,34.300000000000004,42.888888888888886,25.923333333333332,774.2222222222223
1.3999999999996362,2.829369411,35.25,7.0,27.15,271.4
2.9200000000000728,13.12126052,35.4,30.2,28.159523809523808,599.6
6.5600000000004,21.86665884,35.06666666666667,63.111111111111114,25.928333333333335,853.4444444444445
4.8400000000001455,13.21193376,35.73333333333333,45.4,21.318181818181817,418.7
4.200000000000728,10.85007952,36.03333333333333,29.818181818181817,21.86153846153845,287.0
4.319999999999709,12.09185336,36.03333333333333,30.555555555555557,23.76923076923077,612.3333333333334
3.7600000000002174,14.35333766,36.43333333333333,35.3,23.99,435.0
3.720000000000255,17.13966266,36.3,47.3,23.884615384615394,755.8
3.520000000000437,14.44880203,36.333333333333336,38.8,24.0,607.7
3.7600000000002174,12.41852832,36.5,30.6,23.66666666666667,514.5
4.239999999999782,13.540265419999995,36.5,33.6,23.854545454545452,597.9
6.559999999999491,20.12688954,29.0,54.81818181818182,24.191223544973543,870.8181818181819
6.239999999999782,8.955342075,35.0,21.222222222222218,24.997115384615388,387.22222222222223
1.360000000000582,1.831190153,33.5,4.8,25.2,87.1
1.4399999999995998,2.053877904,33.46666666666667,4.888888888888889,25.29166666666667,186.77777777777774
1.3599999999996726,4.970035729,33.666666666666664,11.8,25.425,232.3
7.600000000000364,17.311274779999998,31.366666666666664,49.9,24.336666666666666,871.3
8.399999999999636,20.95780854,31.133333333333336,61.8,23.77556561085973,856.8
5.799999999999272,20.56321177,30.96666666666667,58.4,24.199298271173273,870.8
7.800000000000183,20.079384899999997,32.63333333333333,56.5,24.35186406186406,871.2
5.519999999999528,20.944245300000002,27.53333333333333,61.6,23.96057224025974,473.5
5.600000000000364,19.59855506,27.33333333333333,62.72727272727273,23.494413919413915,349.8181818181818
4.880000000000108,18.5654798,27.03333333333333,60.33333333333334,23.878325216450214,379.77777777777777
4.319999999999709,12.65621402,26.9,38.77777777777778,24.661471861471863,174.22222222222226
3.880000000000109,16.81720318,26.73333333333333,51.111111111111114,23.44114219114219,250.88888888888889
3.0799999999999272,14.49188934,26.266666666666666,43.5,23.508717948717948,232.8
3.3599999999996726,12.67478828,26.33333333333333,44.3,23.488576007326007,175.8
3.3200000000006185,13.31888753,26.43333333333333,42.81818181818182,23.75450757575758,287.27272727272725
3.199999999999818,15.0179293,26.566666666666666,40.555555555555564,23.462371615312794,215.11111111111111
4.600000000000363,14.942463919999998,26.766666666666666,42.5,23.573809523809526,157.6
3.4399999999996003,14.60283591,26.600000000000005,41.8,23.467450142450144,172.7
2.880000000000109,14.548639130000002,26.66666666666667,44.5,23.527594627594624,217.9
3.520000000000437,17.604641009999995,26.9,50.1,23.415234699940584,223.5
3.3599999999996726,13.21796775,26.633333333333336,36.22222222222222,23.480841503267982,160.0
2.6400000000003274,14.099314390000002,26.66666666666667,43.2,23.801510989010993,213.5
3.6399999999994184,16.87713644,26.566666666666666,53.77777777777778,23.473658694246932,200.0
5.360000000000582,23.06669455,27.66666666666667,62.45454545454545,23.69939393939394,591.8181818181819
4.759999999999309,21.021873640000006,27.7,53.6,23.815567765567767,456.4
4.079999999999926,14.05439479,27.93333333333333,48.0,23.915992243051072,292.9
4.520000000000437,16.761146840000002,27.899999999999995,43.3,23.813621794871793,248.8
4.559999999999491,14.8864448,27.66666666666667,51.5,23.700000000000003,243.8
4.5600000000004,17.409901840000003,27.600000000000005,59.45454545454545,23.572863247863246,298.1818181818182
4.4399999999996,18.78675059,27.5,51.9,23.684642857142855,250.2
4.4399999999996,18.54671116,27.46666666666667,54.36363636363637,23.549532163742686,268.09090909090907
4.080000000000837,20.68238084,27.33333333333333,51.90909090909091,23.8189010989011,267.0
4.319999999999709,18.32852377,27.43333333333333,54.63636363636363,23.788333333333334,250.0
4.039999999999964,20.36216907,27.566666666666666,58.444444444444436,23.562905011655015,319.5555555555556
3.520000000000437,14.28584926,28.0,38.09090909090909,23.85964285714286,179.54545454545453
4.039999999999964,16.87470086,28.5,44.9,23.76456043956044,243.9
3.5199999999986176,9.601946931,35.5,21.5,24.925,425.125
4.079999999999926,8.891875170999997,35.0,20.444444444444443,25.60333333333333,439.4444444444445
1.6399999999994184,6.385881163,33.9,14.7,23.41666666666666,326.1
0.8799999999991996,3.7681658560000004,28.2,10.444444444444443,26.276031746031745,125.22222222222223
0.5599999999994907,2.712840071,28.2,8.888888888888891,25.602777777777778,119.33333333333331
1.7600000000002185,3.679462932,30.1,15.333333333333336,23.92727272727273,272.6666666666667
0.9599999999991268,3.936448982,26.6,13.125,28.24615384615385,163.0
0.4799999999995634,2.321158295,26.75,7.8,25.5,112.2
1.319999999999709,7.046723216999999,23.6,24.363636363636363,27.375000000000004,171.45454545454547
2.040000000000873,6.156064292999999,23.45,29.625,23.01,215.875
0.3600000000005821,2.0481184,21.85,6.4444444444444455,26.86363636363636,54.88888888888889
1.5200000000004366,2.1572561030000004,27.55,7.272727272727272,23.607692307692307,107.63636363636364
1.6399999999994184,5.0990796330000006,32.4,20.0,24.95,467.7
1.5600000000013097,5.38186506,32.6,19.5,24.8,580.75
1.3599999999987629,2.133601188,32.9,9.375,24.638461538461538,337.75
1.1600000000016737,1.4518724269999999,32.8,7.1818181818181825,24.4,407.09090909090907
1.0799999999999272,1.178761164,32.8,5.75,24.63333333333333,269.0
1.319999999999709,4.352794406,31.1,26.277777777777782,22.990476190476194,634.2222222222222
